WorkerID,Entry_date,Ability,Reputation,Like_list_len,Block_list_len,ratings,mid_thres,low_thre,quality,Tasks
0,0,28,0.139142799,249,1,4923,34,11,26,503
1,0,95,1,200,1,17456,50,10,80,4163
2,0,26,1,253,1,4575,33,11,75,482
3,0,87,1,215,17,14898,46,19,69,2862
4,0,43,-0.644594038,213,16,7279,47,19,14,820
5,0,38,0.793296089,219,6,6623,45,16,46,740
6,0,59,1,222,3,10246,43,15,90,1370
7,0,83,1,277,0,14740,30,12,89,2596
8,0,45,1,261,6,7775,33,16,86,906
9,0,12,-1,215,11,2068,41,18,7,197
10,0,21,1,282,2,3613,24,13,84,355
11,0,15,1,260,11,2548,30,18,53,231
12,0,44,-1,257,0,7725,34,10,4,981
13,0,99,-0.271546146,222,8,19319,44,17,18,5960
14,0,68,1,231,13,11502,41,18,56,1606
15,0,55,0.449116201,257,2,9561,34,13,35,1289
16,0,10,1,258,0,1747,28,10,76,165
17,0,62,1,283,8,10605,28,17,71,1442
18,0,40,1,200,6,6955,50,16,68,804
19,0,95,0.730965339,219,0,17455,45,10,44,4254
20,0,74,0.635517704,257,9,12681,34,17,41,1985
21,0,16,0.387914957,254,14,2681,31,19,34,243
22,0,21,1,238,2,3613,37,13,92,321
23,0,91,1,246,24,15296,38,20,88,3083
24,0,79,0.5154489,254,25,13043,35,20,37,2119
25,0,64,0,306,6,11024,22,16,21,1534
26,0,65,-0.561650258,222,24,10665,44,20,15,1516
27,0,83,-0.464862198,229,17,14187,42,19,16,2550
28,0,84,-0.380152466,215,3,14823,46,14,17,2634
29,0,33,1,290,13,5646,25,18,73,587
30,0,71,1,240,0,12429,39,11,100,1871
31,0,99,0.551877495,253,0,19787,36,12,38,6076
32,0,16,1,289,8,2726,21,17,71,260
33,0,21,1,235,0,3628,38,11,68,365
34,0,97,0.934264361,200,1,18331,50,12,49,4865
35,0,19,-0.457966616,255,0,3295,32,11,16,311
36,0,5,1,213,8,883,33,18,77,70
37,0,92,-0.098893321,290,24,15542,26,20,20,3341
38,0,68,1,210,3,11804,48,14,77,1678
39,0,85,0.322249093,280,6,14886,29,16,32,2712
40,0,51,1,301,2,8893,23,13,72,1048
41,0,15,-1,214,14,2529,42,19,10,218
42,0,84,0.639238695,234,24,13976,40,20,41,2457
43,0,52,-1,267,0,9129,32,12,8,1081
44,0,97,1,222,18,17615,44,19,85,4579
45,0,44,-0.0933923,280,3,7688,29,13,20,874
46,0,8,1,277,10,1362,22,18,61,104
47,0,42,1,213,0,7397,47,10,75,858
48,0,70,-1,234,1,12237,40,10,1,1893
49,0,75,1,200,8,12869,50,17,82,2033
50,0,49,0.170386114,200,6,8469,50,16,27,1038
51,0,63,0.316473448,293,12,10696,24,18,32,1535
52,0,62,1,261,0,10857,33,10,61,1492
53,0,92,0.486701,229,3,16505,42,13,36,3550
54,0,79,0.872969087,200,0,13910,50,12,48,2405
55,0,41,1,245,2,7210,38,13,82,847
56,0,93,1,253,4,16706,36,15,59,3638
57,0,73,0.841595082,307,3,12689,21,15,47,2016
58,0,94,0.509717832,219,2,17082,45,11,37,3889
59,0,59,1,222,24,9683,43,20,76,1268
60,0,57,-1,245,0,9959,38,11,8,1348
61,0,10,1,186,5,1729,49,16,57,165
62,0,18,0.880184332,231,11,3038,38,18,48,305
63,0,86,-0.377230246,213,0,15301,47,11,17,2940
64,0,15,1,207,8,2572,44,17,52,239
65,0,15,1,186,0,2616,50,10,92,237
66,0,48,1,270,0,8422,31,11,98,1006
67,0,33,1,265,3,5793,32,14,52,584
68,0,24,-0.720885925,245,0,4199,35,12,13,433
69,0,30,1,229,24,4966,40,20,72,512
70,0,38,0.240451776,222,0,6729,44,12,30,737
71,0,31,1,211,3,5411,47,15,65,563
72,0,4,0.096153846,193,0,728,36,11,24,62
73,0,50,-0.095846645,254,17,8451,35,19,20,994
74,0,90,1,215,17,15486,46,19,80,3180
75,0,66,-1,215,0,11540,46,11,1,1611
76,0,23,0.489329651,278,3,3983,26,15,36,390
77,0,90,-0.380020018,213,3,15986,47,14,17,3247
78,0,84,1,252,3,14823,36,15,79,2718
79,0,49,0.935057268,215,6,8469,46,16,49,958
80,0,84,-1,245,0,14931,38,12,6,2668
81,0,48,-1,283,0,8422,28,11,7,1026
82,0,23,0.628121878,251,0,4004,33,12,40,367
83,0,75,0,254,0,13167,35,12,21,2120
84,0,39,0.513249854,252,2,6868,36,13,37,793
85,0,71,1,222,0,12429,43,12,95,1918
86,0,26,0.626803673,253,0,4574,33,11,40,461
87,0,54,1,252,6,9302,36,16,89,1167
88,0,32,0.314751131,227,8,5525,42,17,32,557
89,0,7,-1,252,21,1182,28,20,2,83
90,0,35,0.445943749,221,2,6151,43,13,35,622
91,0,38,0.48775754,306,2,6698,22,13,36,723
92,0,82,0.053150299,229,9,14205,42,17,23,2511
93,0,1,1,99,5,173,31,19,52,11
94,0,46,-0.378806635,293,0,8078,24,11,17,945
95,0,27,1,232,0,4749,39,11,85,512
96,0,6,-1,219,0,1089,35,10,10,93
97,0,37,0.083058046,231,12,6357,41,18,24,719
98,0,14,1,270,1,2450,26,11,95,232
99,0,14,0.445079624,267,0,2449,27,10,35,230
100,1,84,1,222,0,14853,44,10,80,2713
101,1,20,-1,201,22,3231,48,20,9,300
102,1,46,0.664352745,215,12,7779,46,18,42,865
103,1,14,-0.461474386,262,8,2401,29,17,16,216
104,1,93,-1,262,3,16625,33,15,9,3608
105,1,14,0.630252101,214,11,2380,42,18,40,199
106,1,89,-1,302,2,15709,23,13,4,3090
107,1,57,0.625570776,210,2,9855,48,13,40,1257
108,1,90,1,271,2,15929,31,13,87,3238
109,1,23,1,207,2,3966,46,13,65,361
110,1,45,0.555727954,283,6,7734,28,16,38,882
111,1,94,1,213,6,16724,47,16,94,3732
112,1,65,1,234,2,11242,40,13,60,1520
113,1,1,0.235632184,106,0,174,26,16,32,15
114,1,36,0.19302399,219,0,6336,45,12,28,653
115,1,77,-0.201524068,252,7,13254,36,16,19,2158
116,2,91,1,219,7,15931,45,16,86,3212
117,3,36,1,280,16,6064,29,19,85,592
118,4,83,-0.633024301,222,7,14238,44,16,14,2456
119,4,82,1,229,6,14019,42,16,88,2251
120,4,18,-1,274,6,3045,26,16,4,286
121,4,13,-1,218,6,2236,40,16,9,196
122,4,61,-0.558168554,219,3,10418,45,14,15,1362
123,4,98,1,205,12,17953,49,18,71,4895
124,4,90,0.590293597,215,1,15804,46,10,39,3037
125,4,57,1,292,3,9734,25,15,99,1258
126,4,18,-1,269,6,3045,28,16,6,295
127,4,48,1,229,24,7783,42,20,89,866
128,4,75,1,248,0,12929,37,10,69,1940
129,4,37,1,210,16,6228,48,19,79,644
130,4,49,0.757644259,248,3,8405,37,15,45,963
131,4,18,1,243,3,3072,34,15,81,256
132,5,12,1,271,3,2079,24,14,64,194
133,5,92,1,258,3,16115,34,15,61,3265
134,5,27,1,237,3,4640,38,14,86,454
135,5,35,1,218,0,6074,45,11,99,607
136,5,8,1,194,21,1314,46,20,94,86
137,5,32,1,252,0,5547,35,10,93,561
138,5,52,0.637520938,293,0,8955,24,12,41,1040
139,5,79,0.55902179,222,24,12758,44,20,38,1980
140,5,35,1,212,12,5884,47,18,67,617
141,5,51,1,205,0,8774,49,11,76,997
142,5,70,1,277,0,11982,30,11,87,1699
143,5,100,0.761944243,263,25,19298,33,20,45,6605
144,5,97,-0.631996425,281,0,17902,29,10,14,4566
145,5,55,1,234,3,9371,40,14,97,1108
146,5,49,1,248,6,8309,37,16,74,899
147,5,41,1,200,0,7114,50,10,63,764
148,5,26,1,249,3,4470,34,15,58,412
149,5,41,0,200,3,7069,50,15,21,695
150,5,7,-1,259,5,1214,25,16,2,95
151,5,1,1,115,0,170,22,15,95,14
152,6,6,-1,254,19,1016,25,20,7,91
153,6,19,0.057524876,191,3,3216,50,14,23,283
154,6,95,-1,271,6,16689,31,16,3,3776
155,6,45,0.052861107,222,8,7567,43,17,23,835
156,6,26,1,269,3,4462,30,14,66,410
157,7,65,1,267,0,11067,32,11,74,1446
158,7,42,1,245,12,7002,38,18,60,751
159,7,21,0.626114466,273,8,3477,28,17,40,262
160,7,94,1,271,6,16270,31,16,86,3433
161,7,9,0.8466966,211,0,1559,40,10,47,136
162,7,93,1,253,0,16290,36,12,89,3416
163,7,25,-0.732177264,198,16,4152,49,19,13,393
164,7,57,1,213,0,9724,47,12,84,1210
165,7,71,1,267,0,12087,32,12,80,1694
166,7,20,1,201,2,3373,48,13,93,292
167,7,63,1,277,12,10422,30,18,68,1356
168,7,71,0.735627395,229,3,12002,42,14,44,1641
169,7,62,1,301,6,10411,23,16,74,1371
170,7,49,1,210,12,8135,48,18,58,884
171,7,60,-1,292,24,9597,25,20,7,1200
172,8,63,-0.636756148,231,3,10654,41,15,14,1331
173,8,43,-1,234,0,7370,40,11,2,794
174,8,69,-0.462628194,254,6,11506,35,16,16,1572
175,8,36,-0.84809492,307,16,5984,21,19,12,546
176,8,50,-0.723933792,252,12,8277,36,18,13,902
177,8,62,1,215,4,10469,46,14,81,1353
178,8,13,-1,262,2,2233,29,13,4,178
179,9,17,0.450545583,269,6,2841,28,16,35,221
180,9,82,1,257,2,13901,34,13,78,2191
181,9,27,0.337546306,216,3,4589,43,15,33,400
182,10,71,0.225502565,248,2,11889,37,13,29,1618
183,10,12,1,213,0,2062,42,12,62,139
184,10,59,-0.559316896,285,3,9896,27,14,15,1153
185,10,26,0.634204845,284,24,4169,24,20,40,340
186,10,89,1,246,0,15194,38,12,100,2774
187,10,94,0.041373294,210,6,16049,48,16,22,3294
188,10,13,1,231,0,2229,37,10,51,203
189,10,86,1,234,0,14665,40,11,52,2552
190,10,57,0.112946766,254,16,9261,35,19,25,1050
191,10,22,1,238,0,3698,37,11,81,337
192,10,47,0.484856363,301,16,7693,23,19,36,828
193,10,47,0.790349418,210,8,7813,48,17,46,803
194,11,15,-0.556168703,200,0,2537,46,11,15,225
195,11,80,1,240,6,13287,39,16,56,2004
196,11,1,0.384615385,88,0,169,39,12,35,10
197,11,43,1,222,6,7179,43,16,76,701
198,11,14,1,207,2,2364,44,13,78,182
199,11,17,0.739343117,256,0,2862,31,10,44,251
200,11,43,1,234,6,7179,40,16,72,748
201,11,19,1,212,11,3086,43,18,94,271
202,11,100,1,295,6,19772,24,16,96,6713
203,11,80,1,261,17,13013,33,19,51,1977
204,11,11,1,194,22,1797,47,20,87,142
205,11,23,1,251,24,3646,33,20,97,319
206,11,92,1,200,6,15548,50,16,83,3092
207,11,23,-0.727344366,202,6,3807,48,16,13,311
208,11,38,0.141756549,231,0,6490,41,11,26,646
209,11,49,1,301,0,8278,23,10,86,971
210,11,80,0.451196779,280,3,13411,29,14,35,2027
211,11,81,-0.382455867,254,24,12859,35,20,17,1971
212,11,89,0.040782603,253,0,15129,36,12,22,2679
213,11,77,1,215,0,12960,46,12,96,1942
214,12,88,1,293,13,14426,25,18,51,2502
215,12,38,1,222,16,6236,43,19,72,617
216,12,100,-0.266763338,282,1,19999,29,11,18,6623
217,13,84,1,280,2,14052,29,13,97,2217
218,13,68,1,210,0,11318,48,10,89,1442
219,13,20,1,289,0,3315,23,11,83,256
220,13,41,1,277,6,6822,30,16,63,653
221,13,24,-1,296,24,3792,22,20,3,334
222,13,23,0.184835402,242,16,3706,36,19,28,272
223,13,1,1,114,0,168,22,11,52,10
224,13,16,1,219,22,2521,40,20,61,196
225,13,4,1,194,2,697,35,15,72,54
226,13,36,-0.720407158,257,0,6091,34,11,13,582
227,13,89,1,213,12,14512,47,18,92,2538
228,13,36,0.446232146,205,0,6091,49,11,35,541
229,13,15,0.650406504,195,11,2460,48,18,41,194
230,13,77,0.642672717,210,2,12781,48,13,41,1793
231,13,94,0.138677004,294,2,15994,24,13,26,3202
232,14,98,-0.930066271,222,8,17202,44,17,11,4338
233,14,45,1,270,0,7527,31,10,54,762
234,14,52,0.592085413,261,3,8617,33,15,39,979
235,14,85,1,205,8,13939,49,17,86,2200
236,14,82,1,277,4,13593,30,14,76,2011
237,14,13,1,223,0,2191,39,11,69,193
238,14,94,0.554021121,222,0,16003,44,11,38,3289
239,14,40,-0.729225908,245,24,6330,38,20,13,642
240,14,24,0.450476695,212,24,3776,45,20,35,336
241,14,55,0.448235705,245,24,8587,38,20,35,920
242,15,90,0.344864865,268,6,14800,32,16,33,2644
243,15,35,1,260,0,5875,33,12,76,561
244,15,55,1,200,0,9112,50,11,73,1027
245,15,9,1,215,10,1486,39,18,73,137
246,15,68,0.057084335,289,0,11229,26,10,23,1455
247,15,60,0.849047091,200,0,9917,50,12,47,1152
248,15,66,1,222,0,10896,44,11,78,1397
249,15,85,0.112105263,222,24,13300,44,20,25,2157
250,15,12,1,233,22,1927,36,20,82,149
251,15,39,-1,234,12,6360,40,18,5,585
252,15,53,-1,213,0,8790,47,11,9,931
253,16,98,1,271,0,17407,31,10,82,4330
254,16,72,1,257,2,11763,34,13,83,1619
255,16,44,1,307,0,7297,21,11,77,742
256,17,8,0.212471132,240,10,1299,32,18,29,96
257,17,99,0.786698418,249,10,17637,37,17,46,4849
258,17,98,1,246,6,16997,38,16,94,4180
259,17,58,1,267,6,9372,32,16,73,1023
260,17,32,1,255,24,5010,34,20,70,464
261,18,8,0.795489891,264,13,1286,24,19,46,109
262,18,99,1,205,24,16726,49,20,56,4449
263,18,4,0.870262391,194,2,686,35,14,48,49
264,18,27,1,199,3,4423,49,14,83,384
265,18,5,-1,191,0,855,40,11,9,71
266,18,93,1,235,24,14479,40,20,79,2754
267,18,66,0.39795532,215,6,10564,46,16,34,1291
268,18,76,1,240,0,12388,39,10,98,1686
269,19,60,1,234,3,9658,40,15,81,1122
270,19,48,1,301,0,7826,23,11,58,805
271,19,37,-1,205,16,5899,49,19,7,510
272,19,24,1,271,8,3833,29,17,77,305
273,19,7,0.633418585,236,0,1173,32,10,40,74
274,20,83,1,293,0,13461,24,12,90,2084
275,20,17,1,198,3,2739,48,15,99,206
276,20,61,1,200,12,9529,50,18,60,1114
277,20,41,1,293,8,6560,24,17,57,623
278,20,19,0.188496188,205,22,2886,46,20,28,273
279,20,53,1,222,3,8517,43,15,91,877
280,20,33,1,217,12,5239,45,18,64,462
281,20,18,1,277,0,2914,25,12,77,222
282,20,28,1,244,0,4558,36,11,74,406
283,20,34,1,230,3,5537,41,15,88,505
284,20,80,1,252,24,12147,36,20,66,1679
285,20,77,-1,229,12,12031,42,18,4,1563
286,20,62,1,270,24,9401,31,20,79,1159
287,20,16,1,272,2,2573,26,13,97,198
288,20,30,1,262,24,4619,32,20,69,386
289,20,86,0.84106737,234,8,13641,40,17,47,2188
290,20,87,1,231,0,14102,41,12,54,2285
291,20,76,-0.279254869,285,16,11810,27,19,18,1559
292,21,88,1,308,16,13662,21,19,97,2140
293,21,32,0.972640761,238,12,5044,39,18,50,441
294,21,73,1,267,12,11321,32,18,65,1441
295,21,7,-1,224,0,1152,35,11,1,70
296,21,33,1,283,8,5249,27,17,64,457
297,21,63,1,200,6,9963,50,16,91,1098
298,21,24,1,274,2,3852,28,13,52,330
299,22,96,1,271,6,15583,31,16,53,3244
300,22,85,-1,280,2,13553,29,13,1,2119
301,23,87,1,307,0,13821,21,10,79,2173
302,23,90,0.077076507,286,8,14038,27,17,24,2321
303,23,32,1,304,3,5096,22,15,76,450
304,23,6,-1,262,4,986,23,16,6,81
305,23,97,0.346305203,222,2,16009,43,13,33,3541
306,23,34,1,292,0,5459,24,11,53,482
307,23,42,1,252,8,6569,36,17,98,570
308,23,47,1,257,0,7486,34,12,81,751
309,23,75,1,213,24,11157,47,20,93,1407
310,23,11,1,191,6,1764,48,16,98,117
311,23,37,1,229,12,5793,42,18,73,496
312,23,8,1,192,2,1276,47,15,56,118
313,24,93,1,232,0,14854,41,10,59,2717
314,24,46,1,229,0,7282,42,12,94,676
315,24,65,0.040796216,293,2,10148,24,13,22,1187
316,24,43,0.195543829,200,0,6822,50,12,28,624
317,24,32,1,255,16,4915,34,19,72,428
318,24,31,1,227,3,4883,42,14,60,400
319,24,38,0.972607261,215,2,6060,46,13,50,504
320,24,77,1,277,8,11823,30,17,58,1511
321,24,81,0.624333647,234,1,12756,40,11,40,1855
322,24,28,1,277,6,4378,27,16,61,367
323,24,97,0.399639062,232,24,14961,41,20,34,3174
324,24,81,0.934466217,240,16,12299,39,19,49,1705
325,24,14,1,207,22,2115,44,20,83,166
326,24,95,1,200,9,15001,50,17,94,3007
327,24,51,-1,267,8,7867,32,17,6,777
328,25,13,1,231,0,2063,37,11,56,163
329,25,58,1,257,2,9044,34,13,62,968
330,25,69,0.238679604,252,9,10512,36,17,30,1297
331,25,24,0.637760703,239,16,3644,37,19,40,284
332,25,44,1,213,8,6771,47,17,81,626
333,25,15,1,287,3,2347,22,14,85,162
334,26,88,1,278,6,13483,30,16,52,2065
335,26,72,1,301,2,11085,23,13,53,1331
336,26,30,1,229,24,4439,40,20,94,401
337,26,52,1,210,3,8055,48,14,77,776
338,26,78,1,248,0,12068,37,12,96,1588
339,27,80,1,231,17,11869,41,19,66,1580
340,27,59,1,270,3,9028,31,15,88,896
341,27,15,0.765920826,214,0,2324,42,11,45,171
342,27,39,1,254,0,6099,35,12,67,574
343,28,8,1,191,13,1210,47,19,89,92
344,28,86,1,215,6,12961,46,16,53,1875
345,28,59,1,285,0,9016,27,11,83,951
346,29,7,-1,202,7,1089,41,17,8,64
347,29,39,1,289,3,5977,26,15,94,522
348,29,54,1,254,3,8161,35,15,67,851
349,29,36,-1,215,2,5527,46,13,3,452
350,29,86,-0.097307173,215,16,12589,46,19,20,1822
351,29,78,-1,215,8,11522,46,17,1,1488
352,29,16,0.863694268,263,14,2355,29,19,47,173
353,29,22,-0.202470624,235,3,3319,38,14,19,248
354,29,87,0.93561125,257,25,12409,34,20,49,1827
355,29,89,-0.383556548,293,3,13440,25,13,17,2131
356,29,13,1,189,3,1993,49,15,58,142
357,29,75,1,292,12,10996,25,18,70,1322
358,29,66,0.741054329,293,3,9921,24,13,44,1133
359,29,60,1,254,12,8808,35,18,89,866
360,29,75,1,261,3,11260,33,15,98,1338
361,29,44,1,257,3,6668,34,14,52,619
362,30,14,0.690352941,185,0,2125,50,10,42,154
363,30,88,0.165560416,262,1,13258,33,12,27,2012
364,30,72,1,270,12,10456,31,18,100,1216
365,30,68,1,293,0,10194,24,11,58,1155
366,30,18,-0.556413083,256,0,2721,31,10,15,200
367,30,60,1,210,8,8815,48,17,100,920
368,30,94,1,241,24,13491,39,20,84,2377
369,30,12,1,283,22,1754,22,20,96,110
370,30,18,0.059756547,226,2,2711,39,13,23,201
371,30,17,1,263,22,2432,30,20,61,172
372,30,10,1,262,7,1504,26,17,91,108
373,30,54,0.798443868,222,3,8097,44,14,46,825
374,30,2,0.511111111,173,7,315,22,19,37,25
375,31,72,0.736792094,261,6,10524,33,16,44,1160
376,32,70,1,261,3,10232,33,15,67,1112
377,32,95,0.081575834,222,0,14367,44,11,24,2816
378,33,36,0.516717325,285,8,5264,27,17,37,439
379,33,97,-0.557404662,271,0,14842,31,10,15,3067
380,33,8,1,218,2,1206,38,15,94,78
381,33,24,1,268,0,3555,30,12,68,281
382,33,22,1,273,0,3239,28,11,66,267
383,33,2,0.160771704,160,0,311,28,11,27,20
384,33,54,-0.377758275,222,0,7976,43,11,17,728
385,33,84,0.241797317,210,0,12374,48,10,30,1696
386,33,23,0.526083112,273,0,3393,28,10,37,256
387,33,14,1,242,3,2065,33,14,72,147
388,33,56,1,285,0,8255,27,11,65,812
389,33,24,-1,248,6,3506,34,16,6,263
390,33,97,1,249,6,14585,37,16,57,2974
391,33,41,1,293,3,6073,24,15,62,539
392,33,91,1,302,16,12933,23,19,60,1969
393,33,45,0.56094448,205,24,6268,49,20,38,570
394,33,22,-0.735698306,251,15,3129,33,19,13,238
395,33,28,1,277,6,4097,27,16,71,301
396,33,47,-1,240,0,6959,39,11,3,601
397,33,76,1,219,0,11132,45,12,99,1300
398,34,4,1,187,0,626,37,12,73,40
399,34,81,0.937127909,219,24,11086,45,20,49,1434
400,34,91,1,308,2,13248,21,13,79,2059
401,34,43,1,293,0,6317,24,12,68,538
402,34,65,1,277,0,9438,30,10,76,988
403,34,40,1,285,0,5910,27,12,53,479
404,34,39,-0.385082084,231,12,5604,41,18,17,476
405,34,10,0.85665529,278,5,1465,22,16,47,88
406,34,98,1,229,0,15153,42,11,56,3409
407,34,26,1,216,12,3731,43,18,81,272
408,34,84,1,277,0,12272,30,11,84,1677
409,34,63,0.643175639,213,0,9195,47,12,41,977
410,35,38,1,215,3,5564,46,15,67,472
411,35,26,0.118361955,209,3,3785,46,14,25,300
412,35,68,1,219,2,9749,45,13,87,1022
413,35,27,0.635528733,227,16,3811,40,19,40,301
414,35,87,0.116314441,306,3,12492,22,14,25,1778
415,35,41,1,200,3,5969,50,14,66,509
416,35,29,0.886654046,238,0,4226,38,11,48,335
417,35,56,0.356861296,234,0,8118,40,10,33,761
418,35,7,0.884578997,185,0,1057,47,11,48,68
419,36,8,-1,193,10,1158,46,18,8,85
420,36,21,1,202,23,2830,48,20,94,213
421,36,40,-1,307,24,5460,21,20,5,454
422,36,52,1,252,0,7506,36,10,86,694
423,36,10,-1,185,10,1426,49,18,10,83
424,36,25,1,206,4,3601,47,14,63,259
425,36,44,-1,306,3,6304,22,15,2,515
426,36,69,-0.647282322,293,16,9475,24,19,14,1074
427,37,66,0.741573034,293,16,8989,24,19,44,881
428,37,21,-0.381918185,295,8,2909,22,17,17,197
429,37,92,1,210,3,13066,48,15,87,2089
430,37,29,-1,245,3,4127,36,15,7,306
431,37,95,1,308,24,12869,21,20,82,2239
432,37,10,1,229,0,1442,35,12,85,94
433,37,70,-0.716570503,231,0,9879,41,10,13,1064
434,37,95,1,258,3,13633,34,14,51,2377
435,37,25,0.854742239,226,8,3511,40,17,47,251
436,37,88,0.321555354,271,12,12113,31,18,32,1676
437,37,88,0.329836233,255,24,11724,35,20,32,1633
438,37,87,-0.202995951,257,0,12350,34,11,19,1703
439,38,23,-1,244,6,3205,35,16,3,219
440,38,49,1,280,2,6911,29,13,94,582
441,38,21,0.280963692,207,0,2947,46,11,31,218
442,38,27,-0.276158251,207,0,3842,47,10,18,292
443,38,25,-1,245,6,3507,35,16,2,237
444,38,91,-0.635514019,253,0,12840,36,11,14,2017
445,38,80,0.845208845,234,8,10989,40,17,47,1348
446,38,15,0.124583928,215,6,2103,41,16,25,154
447,38,72,0.245144669,292,0,10092,25,11,30,1051
448,38,7,1,254,20,987,26,20,94,60
449,38,39,1,231,3,5550,41,14,66,401
450,38,72,0.402199762,261,0,10092,33,11,34,1086
451,38,57,1,213,16,7747,47,19,73,705
452,38,100,1,303,16,15523,23,19,72,4308
453,38,13,1,206,6,1835,44,16,76,140
454,38,49,-1,219,6,6838,45,16,3,603
455,38,44,-0.927341315,222,8,6097,44,17,11,507
456,39,12,1,267,0,1698,26,12,90,129
457,39,84,-0.561690817,234,3,11663,40,15,15,1529
458,39,1,-0.407142857,65,0,140,50,14,16,14
459,39,22,0.752122796,238,2,3062,37,13,44,221
460,39,43,1,254,0,6053,35,11,57,533
461,39,15,0.165048544,287,11,2060,21,18,27,134
462,39,83,0.9355786,307,24,10897,21,20,49,1327
463,39,39,-1,261,3,5504,33,14,1,461
464,39,95,1,255,2,13384,35,13,66,2268
465,39,16,-0.851800554,198,14,2166,47,19,12,121
466,39,59,-1,200,3,8195,50,14,9,792
467,39,5,0.069767442,214,4,731,32,16,23,41
468,39,83,1,229,2,11537,42,13,57,1473
469,39,55,1,213,0,7708,47,12,82,735
470,39,88,0.758517782,281,6,12063,29,16,45,1567
471,39,22,1,278,3,3057,26,14,54,239
472,39,27,-0.564157514,299,8,3733,21,17,15,306
473,39,19,-1,279,0,2651,25,12,1,179
474,39,46,0.680469716,252,0,6472,36,12,42,542
475,39,95,1,258,3,13364,34,15,84,2353
476,40,30,1,256,6,4132,33,16,98,340
477,40,100,0.141568752,219,3,15745,45,14,26,4464
478,40,32,1,238,24,4224,39,20,56,293
479,40,75,1,267,17,9961,32,19,72,1074
480,40,60,-0.718053716,234,0,8303,40,10,13,815
481,40,68,1,234,12,9087,40,18,76,904
482,40,2,0.644827586,110,3,290,49,17,41,20
483,40,90,1,268,0,12445,32,11,51,1779
484,40,63,-0.568200737,285,16,8409,27,19,15,803
485,40,99,0.035744206,302,12,14324,23,18,22,3331
486,40,79,0.057429018,234,0,10883,40,11,23,1313
487,40,26,0.118941504,283,6,3590,25,16,25,255
488,40,50,1,270,2,6937,31,13,86,628
489,40,89,0.452892422,253,16,11824,36,19,35,1627
490,40,5,1,217,0,727,31,11,89,44
491,40,42,-0.72423255,210,3,5831,48,15,13,462
492,40,39,-0.563536919,222,0,5485,44,10,15,447
493,41,81,1,240,0,11078,39,10,74,1314
494,41,75,1,289,2,10188,26,13,88,1155
495,42,47,-0.271657924,231,8,6291,41,17,18,484
496,42,69,1,240,8,9101,39,17,54,868
497,42,35,0.084404811,279,0,4822,29,12,24,358
498,42,74,0.135500516,234,12,9690,40,18,26,1032
499,42,64,1,210,24,8141,48,20,66,769
500,42,20,1,269,2,2695,29,13,79,172
501,42,81,0.600183234,293,2,10915,24,13,39,1259
502,42,12,1,225,14,1598,38,19,55,104
503,42,10,-1,198,0,1371,45,11,3,81
504,42,58,0,200,0,7891,50,10,21,698
505,42,99,0.242273611,253,16,13881,36,19,30,3245
506,42,21,1,260,2,2827,31,13,87,197
507,42,74,-0.209428541,285,24,9397,27,20,19,996
508,43,7,1,207,9,953,39,18,90,67
509,43,9,1,242,0,1235,31,10,82,88
510,43,20,1,201,2,2668,48,13,75,188
511,43,47,1,200,16,6134,50,19,58,496
512,43,78,0.164522941,257,0,10418,34,10,27,1209
513,43,36,0.63704758,215,0,4918,46,12,40,396
514,43,68,1,231,2,9054,41,13,92,898
515,43,21,1,267,0,2809,30,12,60,191
516,43,87,0.139882495,210,3,11574,48,15,26,1562
517,43,13,0.856733524,285,3,1745,22,14,47,102
518,43,86,0.552845528,222,12,11193,43,18,38,1398
519,44,97,1,229,12,12870,42,18,71,2420
520,44,73,-1,254,16,9298,35,19,5,962
521,44,72,-0.384841876,289,16,9170,26,19,17,950
522,44,11,0.24388587,212,6,1472,40,16,30,94
523,44,34,1,291,1,4586,25,10,55,337
524,44,20,0.801467748,294,8,2589,22,17,46,178
525,44,96,0.241214058,232,16,12520,41,19,30,2229
526,44,75,1,219,12,9622,45,18,81,1008
527,44,48,0.876164472,277,12,6226,30,18,48,493
528,44,21,0.284062161,267,2,2767,30,13,31,199
529,44,69,0.197504968,222,3,9058,43,15,28,949
530,44,41,0.969028967,257,3,5489,34,15,50,443
531,44,18,0.80172043,231,11,2325,38,18,46,150
532,44,69,-0.560368461,306,0,9119,22,10,15,924
533,44,44,1,289,3,5848,26,15,92,465
534,44,79,0.798411027,213,0,10447,47,12,46,1186
535,44,77,-1,240,3,10114,39,14,9,1087
536,44,83,-1,306,24,10372,22,20,10,1261
537,44,88,-1,271,2,11602,31,13,2,1562
538,44,19,1,195,2,2507,49,13,74,180
539,45,78,1,307,24,9591,21,20,54,1057
540,45,73,1,261,0,9545,33,10,86,1001
541,45,96,1,284,3,12790,28,15,97,2264
542,45,82,0.875128613,306,3,10691,22,14,48,1244
543,45,35,1,256,2,4662,34,13,67,340
544,45,48,-0.380243787,248,3,6317,37,14,17,578
545,45,90,1,268,0,11802,32,11,74,1691
546,45,42,1,248,16,5371,37,19,61,436
547,45,99,1,290,16,13402,26,19,54,2967
548,45,2,1,124,12,266,39,20,81,17
549,45,85,1,240,3,11103,39,14,74,1385
550,45,40,0.606766917,306,2,5320,22,13,39,418
551,45,84,1,213,0,11054,47,11,66,1457
552,45,76,1,213,0,9941,47,11,68,1085
553,45,83,1,222,9,10682,43,17,84,1248
554,46,88,1,215,6,11227,46,16,60,1473
555,46,51,1,234,0,6680,40,11,68,589
556,46,35,-0.9260812,204,8,4532,49,17,11,323
557,46,17,-0.394436845,207,2,2193,45,13,17,127
558,46,88,1,235,6,11227,40,16,86,1517
559,46,58,0.13971085,200,8,7401,50,17,26,688
560,46,26,0.500155424,232,24,3217,39,20,36,230
561,46,67,1,240,0,8676,39,10,98,822
562,46,15,0.665450756,273,6,1919,24,16,41,113
563,46,77,0.844639396,267,6,9803,32,16,47,1041
564,46,77,-0.567273856,205,12,9662,49,18,15,1072
565,46,22,1,221,3,2842,42,14,88,207
566,46,13,0.890011891,264,3,1682,28,14,48,109
567,46,40,-0.273832131,261,2,5266,33,13,18,396
568,46,82,-1,261,0,10641,33,10,1,1226
569,46,64,1,254,12,8050,35,18,94,803
570,46,63,0.935719503,293,0,8214,24,12,49,780
571,46,86,1,283,6,10988,28,16,84,1363
572,47,55,-1,234,24,6689,40,20,8,585
573,47,6,0.832917706,218,5,802,33,17,47,46
574,47,7,1,263,0,930,23,12,84,62
575,47,3,-1,206,6,400,21,18,3,27
576,47,7,1,249,0,930,27,12,69,41
577,47,18,1,217,8,2267,42,17,70,138
578,47,23,0.195254237,247,3,2950,34,14,28,182
579,48,85,1,245,8,10576,38,17,75,1339
580,49,82,0.630449691,283,3,10207,28,15,40,1150
581,49,30,1,280,0,3819,27,11,75,277
582,49,12,-0.476284585,213,0,1518,41,10,16,115
583,49,97,1,294,16,12036,24,19,67,2171
584,49,72,-1,293,0,8980,24,12,1,943
585,49,22,1,207,0,2767,46,10,89,208
586,49,85,-1,254,12,10363,35,18,4,1197
587,49,89,1,271,0,11125,31,10,65,1556
588,49,100,1,242,3,13963,39,15,70,3617
589,49,79,1,307,3,9798,21,15,90,1039
590,49,61,0.598382046,205,0,7664,49,12,39,714
591,49,79,1,280,0,9860,29,11,96,1109
592,49,80,0.559244076,254,0,10001,35,10,38,1094
593,49,71,1,240,0,8848,39,10,95,909
594,49,97,1,262,8,12239,33,17,52,2236
595,49,30,1,240,0,3819,38,10,100,266
596,49,14,0.805017104,279,0,1754,23,10,46,99
597,49,23,1,225,2,2895,40,13,94,203
598,49,15,1,261,14,1827,29,19,57,96
599,49,84,1,229,2,10500,42,13,86,1256
600,50,85,1,293,8,10317,24,17,99,1298
601,50,65,-0.094546832,254,6,7922,35,16,20,738
602,50,63,-0.634691531,283,0,7829,28,11,14,746
603,50,70,0.875235849,301,6,8480,23,16,48,852
604,50,79,0.60024778,252,2,9686,36,13,39,1011
605,50,73,-1,213,12,8727,47,18,7,888
606,50,91,0.140175219,210,3,11186,48,14,26,1554
607,50,30,1,227,24,3554,41,20,97,250
608,50,82,-0.092209073,215,0,10140,46,11,20,1141
609,50,55,1,252,0,6850,36,10,98,609
610,50,67,-1,229,8,8095,42,17,1,791
611,50,98,1,307,0,12705,22,10,80,2534
612,50,28,1,293,2,3503,23,13,76,255
613,50,95,0.628610147,284,3,11807,28,15,40,1882
614,50,69,1,248,12,8248,37,18,82,787
615,50,93,1,302,6,11380,23,16,83,1745
616,50,83,1,219,8,10070,45,17,57,1189
617,51,48,1,306,0,5904,22,10,56,495
618,51,4,-1,227,2,513,21,15,8,37
619,51,60,0.677319005,261,16,7072,33,19,42,621
620,51,66,0.488861232,252,0,8035,36,11,36,844
621,51,76,1,200,0,9231,50,12,60,964
622,51,75,0.055182615,267,16,8789,32,19,23,890
623,51,100,0.559420932,303,3,13539,23,14,38,3409
624,51,14,0.764145325,202,11,1679,45,18,45,108
625,52,83,1,301,3,9924,23,15,71,1138
626,52,47,-1,248,16,5497,37,19,4,439
627,52,84,0,200,3,10053,50,14,21,1212
628,52,11,1,228,14,1319,35,19,88,72
629,52,67,0.036144578,283,12,7802,28,18,22,703
630,53,92,0.556358646,307,0,10930,22,10,38,1553
631,53,82,-0.203666419,292,12,9437,25,18,19,1045
632,53,24,1,231,8,2811,39,17,80,176
633,53,56,1,229,0,6691,42,10,90,594
634,54,18,0.752734189,285,0,2103,23,12,44,124
635,55,63,0.329593268,245,8,7130,38,17,32,648
636,55,56,0.555256065,285,12,6307,27,18,38,533
637,55,91,0.629586825,222,3,10383,44,14,40,1379
638,55,98,1,205,0,11755,49,12,80,2238
639,55,91,0.288626172,293,24,9812,25,20,31,1323
640,55,100,-0.640587956,295,4,12654,24,15,14,3127
641,55,9,0.64559387,275,7,1044,21,17,40,55
642,55,37,-0.833740234,283,24,4096,28,20,12,282
643,55,95,1,219,2,10966,45,13,71,1738
644,55,64,-1,213,6,7263,47,16,3,698
645,55,93,1,302,3,10647,23,14,96,1574
646,55,85,-0.380161859,283,6,9638,28,16,17,1156
647,55,28,0.230957479,285,0,3269,24,11,29,220
648,55,84,-0.631072979,285,1,9674,27,11,14,1114
649,56,98,-1,205,8,11278,49,17,10,2104
650,56,99,-1,232,0,11898,41,11,10,2502
651,56,52,1,210,24,5608,48,20,91,448
652,56,3,-0.843304843,159,1,351,33,13,12,18
653,56,72,0.249721982,205,0,8093,49,11,30,777
654,56,92,-1,246,0,10422,38,12,1,1503
655,56,1,0.59047619,65,1,105,32,17,40,9
656,56,9,1,231,0,1039,33,10,58,53
657,56,37,1,215,2,4277,46,13,59,292
658,56,21,1,202,0,2368,48,12,92,157
659,57,52,-0.922967948,293,16,5647,24,19,11,474
660,57,34,1,214,3,3832,46,15,86,297
661,57,60,1,285,3,6662,27,14,82,564
662,57,98,0.518400284,302,3,11277,23,13,37,2116
663,57,40,0.768392976,270,3,4499,31,15,45,294
664,58,60,1,222,12,6389,43,18,71,505
665,58,82,-1,234,0,8935,40,11,2,968
666,58,37,1,261,24,3902,33,20,64,284
667,58,24,1,215,0,2656,43,11,80,183
668,58,24,0.494980695,291,12,2590,23,18,36,172
669,58,85,-1,254,8,9102,35,17,5,1103
670,58,87,1,215,12,9203,46,18,81,1118
671,58,51,1,257,24,5311,34,20,53,398
672,58,22,1,193,0,2412,50,10,99,151
673,58,15,1,286,14,1589,21,19,61,95
674,58,66,1,248,24,6777,37,20,91,607
675,58,90,1,308,2,9754,21,13,95,1314
676,58,86,0.45186054,261,0,9379,33,10,35,1116
677,58,90,1,241,0,9801,39,12,78,1324
678,58,100,1,263,3,11960,33,15,82,2893
679,59,25,1,283,0,2715,24,12,59,165
680,59,32,-0.468029954,203,3,3472,49,15,16,225
681,59,40,1,213,8,4275,47,17,63,306
682,59,70,1,301,0,7432,23,12,71,730
683,59,46,1,277,2,4976,30,13,88,363
684,59,8,1,207,5,870,40,16,64,57
685,59,28,0.402427025,246,0,3049,35,11,34,219
686,59,71,0.76154367,215,8,7385,46,17,45,666
687,59,87,0.354710067,289,0,9278,26,10,33,1128
688,59,24,1,248,3,2597,34,15,99,178
689,59,64,-1,222,0,6854,43,11,9,603
690,59,68,1,301,3,7206,23,14,73,620
691,60,4,-1,149,3,436,45,16,8,17
692,60,94,1,249,0,9911,37,11,96,1462
693,60,53,0.251940186,240,24,5283,39,20,30,432
694,60,29,0.713590658,254,2,3083,33,13,43,170
695,60,21,1,214,2,2201,43,13,77,131
696,60,78,1,280,0,8111,29,11,77,802
697,60,82,1,293,3,8523,24,15,62,897
698,60,44,-0.915865898,210,0,4683,48,12,11,368
699,60,31,0.137569402,237,8,3242,39,17,26,217
700,61,61,1,254,16,6071,35,19,61,505
701,61,36,-0.834930194,301,16,3653,23,19,12,264
702,61,11,0.088695652,251,0,1150,29,11,24,60
703,61,58,1,222,0,6006,44,11,84,484
704,61,25,1,208,0,2605,46,12,82,162
705,61,91,1,278,8,9148,30,17,75,1224
706,61,89,0.040008842,235,3,9048,40,15,22,1129
707,61,73,-0.838853326,257,16,7186,34,19,12,683
708,61,21,0.720984215,197,0,2154,49,11,43,134
709,61,30,1,227,3,3120,41,15,67,211
710,61,77,0.080991954,306,16,7581,22,19,24,735
711,61,35,0.636065574,230,3,3660,41,14,40,263
712,61,20,0.894582723,210,0,2049,45,12,48,130
713,61,30,1,235,0,3133,39,11,57,188
714,61,13,-0.214714715,226,0,1332,38,10,19,90
715,61,89,1,258,3,9048,34,14,64,1150
716,62,96,1,213,0,9798,47,10,67,1566
717,62,82,0.509061367,283,12,8001,28,18,37,879
718,62,12,1,246,2,1196,31,13,64,72
719,62,33,1,250,3,3351,36,14,89,206
720,62,21,1,296,11,2038,21,18,61,96
721,62,1,1,58,2,85,28,18,97,3
722,62,72,1,292,24,6777,25,20,68,664
723,63,93,0.083324245,294,0,9169,24,10,24,1250
724,63,96,-1,308,13,9295,21,18,9,1525
725,63,64,-0.711888555,270,0,6317,31,12,13,561
726,63,89,1,235,0,8734,40,11,95,1124
727,63,36,0.45981773,307,0,3621,21,10,35,229
728,63,12,0.412318221,274,0,1169,23,11,34,61
729,63,6,1,222,2,598,30,15,51,35
730,63,10,1,195,0,969,45,12,90,55
731,63,78,-1,280,3,7573,29,14,2,717
732,63,58,1,270,0,5756,31,11,81,513
733,63,32,-1,287,2,3183,26,13,1,218
734,64,93,0.083678727,268,2,8927,32,13,24,1220
735,64,13,0.894865526,283,1,1227,22,13,48,75
736,64,51,0.747541684,280,24,4678,29,20,44,325
737,64,1,1,54,2,79,30,18,74,3
738,64,43,1,277,2,4190,30,13,98,298
739,64,31,1,220,6,2972,44,16,74,193
740,64,56,1,293,16,5252,24,19,56,414
741,65,95,1,215,0,9018,46,12,61,1409
742,65,93,0.247120538,307,0,8769,22,11,30,1244
743,65,4,-1,141,0,380,46,13,6,19
744,65,26,0.409257004,209,0,2463,46,11,34,164
745,65,22,0.602897103,281,7,2002,25,17,39,112
746,65,74,0.330041274,205,8,6784,49,17,32,657
747,65,19,0,195,21,1642,49,20,21,99
748,65,81,-0.835317997,283,12,7390,28,18,12,755
749,66,67,0.96361186,289,16,5936,26,19,50,501
750,66,63,1,234,0,5844,40,12,62,543
751,66,29,1,250,12,2594,34,18,91,176
752,66,42,0.045291709,285,2,3908,27,13,22,290
753,66,91,1,262,0,8360,33,12,66,1135
754,66,19,1,222,21,1597,40,20,98,92
755,66,56,-0.566274666,285,16,5017,27,19,15,349
756,66,13,0.224242424,233,7,1155,35,17,29,62
757,66,65,0.231259433,210,2,5963,48,13,29,534
758,66,54,1,285,8,4916,27,17,67,389
759,66,56,0.057299843,234,8,5096,40,17,23,389
760,66,59,1,252,3,5431,36,14,68,405
761,66,98,0.35534457,219,0,9374,45,10,33,1750
762,66,30,-1,284,0,2767,26,11,1,170
763,66,17,1,215,5,1515,42,16,69,88
764,66,23,1,270,1,2095,29,13,92,107
765,66,91,0,308,6,8235,21,16,21,1017
766,66,65,0.964822404,292,8,5856,25,17,50,481
767,67,66,1,215,8,5797,46,17,99,485
768,67,1,1,40,1,73,45,17,77,4
769,67,77,0.708784411,285,24,6466,27,20,43,598
770,67,41,0.601994302,285,24,3510,27,20,39,239
771,67,14,1,196,0,1216,46,12,97,67
772,67,33,1,198,2,2978,50,13,78,215
773,67,36,1,254,6,3254,35,16,95,224
774,67,9,0.93877551,235,4,784,31,16,49,48
775,67,85,-0.917160543,254,2,7593,35,13,11,861
776,67,8,1,261,1,701,23,15,53,41
777,67,69,1,261,24,5806,33,20,78,491
778,67,7,1,188,0,621,42,13,88,28
779,67,77,1,205,16,6628,49,19,71,601
780,67,39,-1,270,3,3545,31,15,1,232
781,67,72,1,261,3,6375,33,14,57,565
782,67,48,1,234,24,4097,40,20,66,279
783,67,38,0.197871729,307,2,3477,21,13,28,260
784,67,65,-0.095221176,222,16,5629,43,19,20,445
785,67,86,1,267,3,7644,32,15,76,897
786,68,20,0.325286663,212,10,1657,44,18,32,78
787,68,64,0.363897362,213,3,5573,47,14,33,446
788,68,38,1,215,8,3332,46,17,76,241
789,68,64,1,277,6,5533,30,16,91,445
790,68,51,0.229196051,252,24,4254,36,20,29,318
791,68,59,1,257,2,5185,34,13,86,425
792,68,86,1,234,2,7473,40,13,51,821
793,68,63,1,306,12,5385,22,18,77,437
794,68,4,0.96056338,141,0,355,43,13,50,21
795,68,70,1,301,13,5901,23,18,72,492
796,68,76,1,248,0,6613,37,10,97,666
797,68,68,0,245,8,5816,38,17,21,457
798,68,63,1,289,3,5518,26,14,68,449
799,68,41,0.549152542,289,12,3540,26,18,38,240
800,68,57,-1,200,16,4849,50,19,3,348
801,68,66,1,292,3,5735,25,15,71,474
802,68,68,-0.380960638,215,13,5767,46,18,17,503
803,68,61,0.491096532,234,3,5335,40,14,36,444
804,69,1,-1,42,0,71,41,10,4,9
805,69,56,0.850956485,248,6,4757,37,16,47,348
806,69,24,0.806163022,198,8,2012,49,17,46,118
807,69,30,-1,206,16,2468,48,19,2,167
808,69,80,1,257,0,6773,34,11,92,679
809,69,47,1,231,3,4028,41,15,94,259
810,69,18,1,290,13,1455,21,19,86,93
811,69,73,1,270,0,6167,31,10,93,593
812,69,49,-1,240,6,4178,39,16,4,317
813,69,84,1,285,12,6954,27,18,56,766
814,69,45,-1,283,6,3817,28,16,4,277
815,69,29,1,273,0,2462,29,11,69,145
816,69,70,-0.381350153,245,3,5866,38,15,17,525
817,69,35,1,266,0,3029,32,12,78,182
818,69,98,0.708920188,271,6,8520,31,16,43,1559
819,70,70,-0.474521142,280,16,5534,29,19,16,458
820,71,10,-1,209,0,788,39,11,8,40
821,72,67,1,292,24,4907,25,20,72,398
822,72,50,1,215,6,3914,46,16,67,280
823,72,11,-1,190,10,840,45,18,8,41
824,72,4,1,133,1,324,45,14,86,15
825,72,21,1,230,7,1578,39,17,57,105
826,72,100,0.65005265,279,0,8547,30,12,41,1972
827,72,18,0.469180566,187,0,1379,50,10,35,80
828,72,14,1,186,10,1052,49,18,89,56
829,72,76,1,215,3,5852,46,14,62,553
830,72,39,1,306,8,3048,22,17,89,189
831,72,38,1,205,8,2976,49,17,82,217
832,72,86,0.592277877,293,0,6708,24,11,39,745
833,72,32,-1,252,16,2422,35,19,6,166
834,72,76,1,222,2,5871,44,13,88,560
835,72,88,1,290,12,6645,26,18,93,782
836,72,90,0.454614451,213,24,6588,47,20,35,824
837,72,50,-1,257,8,3883,34,17,10,256
838,72,71,0.965653153,292,12,5328,25,18,50,459
839,72,12,-0.639219935,268,2,923,23,15,14,52
840,73,49,-1,210,0,3765,48,10,7,279
841,73,33,1,259,12,2450,33,18,59,149
842,73,56,0.684124002,248,3,4258,37,14,42,334
843,73,2,0.728476821,92,0,151,36,15,44,7
844,73,93,1,302,2,6996,23,13,63,949
845,73,92,1,281,16,6690,29,19,54,839
846,73,8,0.565289256,186,1,605,43,14,38,23
847,73,84,1,306,2,6326,22,13,54,674
848,73,90,-1,308,6,6682,21,16,10,779
849,73,70,1,240,3,5202,39,14,100,450
850,73,64,1,293,0,4844,24,10,52,387
851,73,84,0.35729456,231,16,6121,41,19,33,620
852,73,17,0.693811075,261,13,1228,30,19,42,66
853,73,76,-0.645067346,248,16,5494,37,19,14,503
854,73,93,-1,268,3,6976,32,15,6,961
855,73,25,1,283,8,1872,24,17,81,114
856,73,88,1,258,0,6630,34,11,71,755
857,74,19,-0.095729013,221,0,1358,40,11,20,61
858,74,5,1,139,1,374,47,14,74,23
859,74,26,1,209,0,1931,46,10,98,100
860,74,16,1,279,5,1134,23,16,75,57
861,74,85,0.121514907,277,0,6205,30,10,25,690
862,74,6,-0.296536797,153,0,462,48,11,18,23
863,74,61,-0.383567761,215,0,4479,46,11,17,363
864,74,93,1,232,12,6585,41,18,89,864
865,74,61,1,292,3,4445,25,15,79,332
866,74,10,-1,217,10,700,35,19,5,32
867,74,23,1,214,2,1684,43,15,94,92
868,74,94,-0.637661955,307,6,6792,22,16,14,968
869,74,58,0.556030389,231,6,4212,41,16,38,308
870,74,38,0.624460432,248,12,2780,37,18,40,165
871,74,60,-1,301,24,4142,23,20,3,308
872,75,57,1,285,0,4066,27,12,59,327
873,75,51,-0.276227679,213,8,3584,47,17,18,253
874,75,22,-1,267,22,1462,30,20,10,74
875,75,14,0.855958549,217,2,965,39,15,47,56
876,75,45,-0.640684411,261,8,3156,33,17,14,212
877,75,82,1,205,2,5744,49,13,61,548
878,75,69,-0.923127608,252,24,4553,36,20,11,346
879,75,51,1,261,0,3665,33,10,90,284
880,76,16,1,201,7,1042,45,17,98,43
881,76,31,1,220,3,2116,43,15,89,130
882,76,78,1,277,0,5256,30,10,96,474
883,76,31,0.22206235,274,8,2085,30,17,29,112
884,76,61,-1,245,16,4002,38,19,1,309
885,76,70,-1,307,3,4678,21,14,2,407
886,76,77,0.590429688,306,6,5120,22,16,39,456
887,76,57,0.199283704,252,0,3909,36,10,28,268
888,76,40,1,248,8,2728,37,17,66,169
889,76,60,0.254514397,277,0,4098,30,10,30,335
890,76,11,1,195,1,736,41,13,85,38
891,76,63,0.053707224,292,8,4208,25,17,23,314
892,76,81,0.227206419,285,0,5484,27,11,29,538
893,76,73,0.253303517,245,0,4919,38,10,30,424
894,76,38,1,306,12,2592,22,18,77,174
895,76,85,0.671107111,267,16,5555,32,19,42,576
896,76,12,0.696629213,213,0,801,37,10,42,40
897,76,42,0.229508197,292,6,2867,25,16,29,199
898,76,70,0.592767972,248,6,4646,37,16,39,379
899,76,71,1,292,0,4782,25,10,82,398
900,77,85,1,219,0,5561,45,12,51,595
901,77,39,-1,261,3,2608,33,14,7,138
902,77,33,0.490222829,211,2,2199,47,13,36,130
903,77,64,-0.384803323,219,8,4093,45,17,17,329
904,77,9,0.881625442,167,7,566,48,18,48,24
905,77,76,0.795339412,289,0,4935,26,12,46,474
906,77,39,1,277,24,2470,30,20,72,147
907,77,38,-1,292,8,2518,25,17,6,175
908,77,32,-0.719074599,304,3,2118,22,15,13,132
909,77,92,1,307,0,6013,22,11,90,779
910,77,20,1,212,13,1244,44,19,53,80
911,77,90,-0.714212329,268,2,5840,32,13,13,694
912,78,38,1,234,12,2399,40,18,90,148
913,78,86,1,229,0,5404,42,10,99,573
914,78,49,1,267,24,2952,32,20,95,208
915,78,1,1,28,0,52,43,14,82,4
916,78,10,0.088737201,191,16,586,39,20,24,26
917,78,53,1,248,0,3389,37,10,93,250
918,79,48,-0.565743945,307,6,2890,21,16,15,208
919,79,3,-0.894179894,93,1,189,42,16,11,15
920,79,33,0.361829026,208,3,2012,48,15,33,117
921,79,23,-0.377826404,289,5,1371,23,16,17,76
922,79,10,0.890052356,185,7,573,41,18,48,27
923,79,96,1,294,2,5815,24,13,61,839
924,79,6,1,145,1,375,43,14,90,21
925,79,98,1,293,6,5993,25,16,53,1012
926,79,5,0.201320132,126,0,303,43,10,26,14
927,79,68,-1,234,3,4058,40,14,1,345
928,79,36,1,222,16,2145,43,19,71,122
929,79,93,0.401640806,205,0,5607,49,11,34,720
930,79,55,0.203798613,257,3,3317,34,15,28,236
931,79,88,0.170987419,249,3,5246,37,14,27,601
932,79,95,0.592560098,210,3,5699,48,15,39,813
933,80,53,1,231,6,3041,41,16,66,216
934,80,7,1,187,0,409,32,12,80,22
935,80,43,0.855939005,252,3,2492,36,15,47,150
936,80,11,1,172,8,616,46,18,74,30
937,80,41,1,219,24,2257,45,20,57,148
938,80,88,0.330540594,293,3,5013,25,14,32,548
939,80,16,1,243,10,877,31,18,56,44
940,80,52,-1,280,12,2932,29,18,7,225
941,80,88,1,307,12,4893,22,18,52,569
942,80,89,-0.092793682,271,3,5065,31,14,20,592
943,80,84,-0.472021474,205,0,4843,49,10,16,469
944,80,10,0.371171171,185,1,555,40,15,33,24
945,80,22,0.177174781,239,0,1253,36,10,27,70
946,80,75,1,285,6,4214,27,16,69,363
947,80,23,1,280,15,1282,24,19,67,63
948,80,1,0.604166667,24,0,48,43,14,39,4
949,80,61,1,215,2,3512,46,13,97,266
950,81,9,0.691206544,225,3,489,25,16,42,28
951,81,43,0.246326707,244,12,2314,38,18,30,146
952,81,21,1,203,22,1071,47,20,58,58
953,81,91,-1,222,16,4794,44,19,4,563
954,81,14,0.703401361,206,13,735,39,19,42,44
955,81,100,0.410627207,247,3,5947,38,14,34,1315
956,82,63,-0.277119417,248,3,3291,37,15,18,262
957,82,88,1,262,0,4603,33,12,62,515
958,83,59,0.622121424,257,12,2866,34,18,40,225
959,83,87,1,219,0,4318,45,12,86,462
960,83,59,1,292,0,2970,25,10,97,221
961,84,96,1,219,0,4554,45,12,60,645
962,84,8,1,200,0,381,27,10,73,17
963,84,38,-1,288,0,1831,26,10,4,140
964,84,8,1,162,7,375,40,18,84,15
965,84,25,0.676570458,243,0,1178,34,12,42,66
966,85,100,1,222,0,4810,44,12,76,1028
967,85,24,-1,291,0,1062,22,10,2,61
968,85,72,0.403542062,257,0,3162,34,10,34,268
969,85,37,1,255,24,1560,34,20,100,84
970,85,5,1,92,0,230,50,10,70,16
971,85,35,0.094376212,289,3,1547,25,14,24,87
972,85,46,1,300,2,2030,23,13,55,120
973,85,97,1,255,0,4368,35,12,100,683
974,85,51,1,293,12,2190,24,18,81,162
975,85,38,0.971714791,288,3,1697,26,14,50,100
976,85,7,1,164,1,330,33,14,86,18
977,85,5,1,153,0,230,23,13,76,14
978,85,29,-1,282,3,1270,25,15,5,71
979,85,26,1,214,0,1161,43,12,95,62
980,85,99,-1,281,0,4587,29,12,9,838
981,85,80,1,261,12,3420,33,18,55,317
982,86,65,-0.092050209,252,6,2629,36,16,20,201
983,86,76,0.033737308,231,8,3053,41,17,22,287
984,86,56,-1,240,2,2319,39,13,8,153
985,86,96,0.329012961,271,0,4012,31,10,32,550
986,86,70,0.67638484,293,16,2744,24,19,42,218
987,86,12,-1,189,9,488,36,18,10,36
988,86,53,1,289,2,2199,26,13,99,175
989,87,12,-0.286995516,208,0,446,29,11,18,24
990,87,80,1,229,0,3079,42,10,68,311
991,87,38,1,221,3,1472,43,15,52,86
992,87,36,1,238,0,1391,39,12,96,87
993,87,20,1,232,13,718,33,19,52,46
994,87,92,1,258,12,3439,34,18,66,392
995,87,36,1,287,0,1391,26,11,58,105
996,87,4,1,111,2,169,28,16,64,12
997,87,50,1,230,16,1844,41,19,76,129
998,87,57,-1,270,0,2200,31,12,4,156
999,87,52,1,283,0,2007,28,11,54,147
1000,87,80,1,257,24,2903,34,20,95,247
1001,88,38,-1,221,24,1302,43,20,1,75
1002,88,39,-1,256,8,1374,34,17,9,92
1003,88,98,1,249,3,3605,37,14,65,616
1004,88,89,-1,271,0,3181,31,11,7,354
1005,88,64,-0.3868142,307,16,2169,21,19,17,159
1006,88,45,1,279,0,1596,29,11,98,110
1007,88,59,0.333333333,257,12,2040,34,18,32,147
1008,88,50,-0.636821489,256,0,1787,34,11,14,144
1009,88,87,0.552486188,270,3,3077,31,15,38,345
1010,88,50,1,253,12,1727,35,18,100,120
1011,88,22,-0.639147803,207,10,751,41,18,14,43
1012,88,74,0.763917107,261,24,2461,33,20,45,187
1013,88,54,-0.276342975,245,0,1936,38,10,18,151
1014,88,10,1,187,1,340,27,14,78,16
1015,88,4,1,83,13,153,39,20,84,5
1016,88,99,-0.837496569,222,8,3643,44,17,12,684
1017,88,62,-0.729985789,270,16,2111,31,19,13,164
1018,89,34,0.353942652,255,0,1116,33,11,33,64
1019,89,47,-1,246,5,1518,37,16,9,86
1020,89,88,0.925640126,285,6,2851,27,16,49,327
1021,89,58,-1,228,24,1798,42,20,10,112
1022,89,63,0.253789731,291,3,2045,25,15,30,156
1023,89,22,1,249,6,697,28,17,55,35
1024,89,51,1,300,8,1640,23,17,78,120
1025,89,8,0.831460674,145,9,267,32,19,47,11
1026,89,97,1,293,3,3234,24,14,89,492
1027,89,68,0.091282519,251,3,2191,36,14,24,163
1028,89,68,1,228,0,2211,42,10,82,196
1029,89,56,1,305,3,1827,22,15,81,124
1030,89,48,0.875739645,305,11,1521,21,18,48,94
1031,89,66,0.339755639,284,3,2128,27,14,32,147
1032,89,92,0.763907285,267,0,3020,32,10,45,364
1033,89,46,1,281,0,1508,28,11,54,109
1034,90,44,0.034645669,286,11,1270,26,18,22,76
1035,91,92,1,209,16,2407,48,19,66,300
1036,91,65,1,228,0,1738,42,12,89,129
1037,91,89,1,270,2,2407,31,13,69,268
1038,91,44,-0.570351759,297,0,1194,23,10,15,71
1039,91,73,0.23132406,218,3,1941,45,15,29,163
1040,91,12,0.093167702,178,0,322,28,10,23,11
1041,91,82,1,247,0,2231,37,10,66,210
1042,91,91,0.286582894,289,2,2467,26,13,31,276
1043,91,41,1,251,3,1101,34,15,53,59
1044,91,22,0.25982906,244,2,585,24,15,30,34
1045,91,90,1,293,0,2446,24,11,95,276
1046,91,88,0.038867765,306,3,2367,22,15,22,225
1047,91,45,1,251,23,1151,35,20,64,81
1048,91,22,0.156996587,203,0,586,37,10,26,24
1049,91,18,-1,177,0,469,39,12,3,24
1050,91,69,-0.095785441,212,3,1827,47,14,20,142
1051,92,67,-0.845602606,252,16,1535,35,19,12,126
1052,92,24,1,205,5,568,36,17,94,30
1053,93,38,1,220,10,799,40,18,71,52
1054,93,1,1,8,0,22,49,15,85,1
1055,93,70,0.931740614,216,0,1465,45,10,49,122
1056,93,15,1,185,7,302,22,18,86,15
1057,93,11,-0.535087719,89,1,228,50,15,15,14
1058,93,16,1,135,2,325,43,16,86,13
1059,93,92,1,214,8,1924,46,17,95,217
1060,93,9,1,114,3,188,31,17,98,6
1061,93,42,1,287,22,851,23,20,61,50
1062,93,21,0.266514806,181,1,439,38,14,30,16
1063,94,72,1,198,15,1268,50,19,74,103
1064,94,43,1,234,6,788,37,17,82,41
1065,94,46,0.573690621,277,22,821,26,20,39,67
1066,94,96,-1,227,2,1766,42,14,9,244
1067,94,31,0.701230228,231,6,569,32,17,43,13
1068,94,8,0.683870968,66,0,155,50,10,43,7
1069,94,45,0.380024361,210,6,821,44,17,34,51
1070,94,49,-1,243,2,913,35,14,8,74
1071,94,74,0.927719821,226,2,1342,42,14,49,115
1072,94,92,-1,256,0,1688,34,11,1,224
1073,94,64,0.246610169,244,0,1180,37,10,30,84
1074,94,34,0.946540881,190,2,636,47,15,49,32
1075,94,66,-1,211,2,1201,46,15,9,95
1076,94,51,-1,257,22,908,32,20,1,57
1077,94,62,0.087826087,235,0,1150,39,11,24,97
1078,94,6,-0.366666667,68,0,120,37,10,17,6
1079,94,15,-1,163,9,266,24,19,2,12
1080,94,81,0.332201087,259,5,1472,33,16,32,140
1081,94,71,-0.925407925,226,2,1287,42,14,11,88
1082,95,18,-0.902621723,117,2,267,41,16,11,13
1083,95,48,1,207,0,746,44,10,75,47
1084,95,74,1,197,2,1116,50,15,97,85
1085,95,46,0.928870293,218,1,717,40,13,49,45
1086,95,50,1,221,10,757,40,18,68,46
1087,95,92,0.710021322,250,2,1407,36,15,43,170
1088,95,46,-1,272,2,713,26,14,10,56
1089,95,51,1,270,0,793,28,12,94,49
1090,95,26,0.135338346,143,9,399,49,18,26,27
1091,95,14,-1,125,0,211,29,10,6,9
1092,95,7,0.068376068,82,8,117,24,19,22,3
1093,95,89,1,278,15,1322,29,19,73,150
1094,95,44,0.519174041,280,2,678,22,14,38,43
1095,95,35,-0.724264706,263,2,544,21,14,13,28
1096,95,82,-1,242,0,1257,38,10,5,113
1097,96,9,1,86,3,123,29,17,63,5
1098,96,88,0.165894347,208,2,1079,47,15,27,124
1099,96,25,1,133,1,325,47,15,99,25
1100,96,43,0.518382353,208,0,544,38,12,38,30
1101,96,99,-0.487361769,273,6,1266,30,16,16,225
1102,96,95,-0.29562982,201,7,1167,49,17,18,145
1103,96,93,0.77324066,253,2,1151,34,15,45,140
1104,96,44,-0.570143885,214,0,556,36,11,15,35
1105,96,93,0.35621199,237,2,1151,39,14,33,141
1106,96,68,1,190,0,837,50,11,81,60
1107,96,76,1,251,7,916,33,17,60,76
1108,96,42,0.080827068,210,0,532,37,12,24,27
1109,96,33,0.95631068,157,0,412,47,12,49,26
1110,96,69,1,237,0,846,37,10,51,73
1111,96,20,1,134,10,257,33,19,86,16
1112,96,11,-1,110,0,149,21,11,7,9
1113,97,56,1,181,10,509,47,18,79,39
1114,98,30,0.614942529,122,6,174,28,18,41,10
1115,98,90,1,237,0,562,34,12,77,69
1116,98,31,0.247252747,120,0,182,32,12,31,10
1117,98,5,1,11,2,30,48,17,64,2
1118,99,66,1,169,0,203,27,10,75,23
1119,99,100,0.477876106,303,24,339,23,20,36,72
1120,99,17,0.595238095,33,0,42,32,10,38,1
1121,99,11,1,11,4,30,49,19,87,0
1122,99,50,1,96,0,155,43,10,86,12
1123,99,96,0.622516556,195,11,302,45,18,40,41
1124,99,12,-1,23,0,31,28,14,3,4
1125,100,17,0,0,0,0,45,20,69,0
1126,100,2,0,0,0,0,46,11,31,0
1127,100,17,0,0,0,0,36,16,8,0
1128,100,69,0,0,0,0,40,18,29,0
1129,100,63,0,0,0,0,50,17,9,0
