WorkerID,Entry_date,Ability,Reputation,Like_list_len,Block_list_len,ratings,mid_thres,low_thre,Tasks,
0,0,71,0.048443895,275,20,10507,22,20,22,1573
1,0,63,-0.639848702,263,2,9782,24,13,14,1341
2,0,26,0.798918641,201,14,3884,38,18,42,418
3,0,70,0.875706215,207,0,10974,38,12,46,1635
4,0,89,-0.392596305,189,6,13966,42,15,17,2824
5,0,37,-1,240,6,5705,28,16,7,599
6,0,43,-0.397657213,167,9,6488,47,17,17,669
7,0,93,0.488575402,231,2,15099,31,12,33,3509
8,0,8,1,242,12,1185,23,18,91,100
9,0,86,0.344871128,170,3,13463,47,14,29,2539
10,0,3,1,183,7,447,25,18,75,44
11,0,67,0.376482117,226,10,10205,32,17,30,1449
12,0,87,1,235,21,12969,29,20,88,2473
13,0,51,0.901616393,250,2,7857,26,13,47,974
14,0,91,1,265,22,13779,24,20,83,3013
15,0,11,-0.179720704,242,12,1647,25,18,19,144
16,0,62,1,173,2,9672,46,12,56,1368
17,0,37,1,227,5,5704,31,15,83,607
18,0,86,0.346492537,233,5,13400,30,16,29,2521
19,0,85,1,194,0,13439,41,11,100,2591
20,0,74,0.875495433,267,0,11606,23,12,46,1874
21,0,77,1,175,2,12056,46,13,95,1968
22,0,52,1,258,9,7851,25,17,87,906
23,0,93,0.958614695,213,3,14957,37,14,49,3459
24,0,36,1,176,1,5607,45,11,78,574
25,0,35,0.350760104,226,5,5394,31,15,29,601
26,0,7,0.048964218,224,5,1062,26,16,22,100
27,0,89,1,267,4,14031,23,14,89,2951
28,0,70,-1,168,2,10918,49,13,7,1639
29,0,35,1,239,9,5314,28,17,72,547
30,0,49,0.857314309,165,5,7499,50,16,45,928
31,0,64,1,225,0,9985,32,12,94,1403
32,0,62,1,205,1,9671,38,10,82,1299
33,0,41,1,275,0,6369,21,11,55,677
34,0,12,-1,156,2,1834,48,13,6,163
35,0,48,0.689984548,178,14,7119,45,19,39,838
36,0,70,-1,175,1,10975,46,11,5,1598
37,0,26,0.902885111,165,12,3882,47,18,47,351
38,0,64,-1,273,2,9937,22,13,4,1387
39,0,6,0.860702152,173,16,883,40,20,46,75
40,0,30,1,270,5,4614,22,16,72,461
41,0,4,1,197,0,597,27,12,57,55
42,0,3,1,187,0,455,24,11,86,41
43,0,68,1,223,5,10524,33,16,86,1524
44,0,84,1,214,0,13255,36,12,78,2489
45,0,67,-1,174,12,10091,46,18,8,1409
46,0,64,0.8216194,273,10,9732,22,17,44,1322
47,0,94,1,167,1,15387,50,11,98,3659
48,0,14,1,235,9,2087,27,17,65,172
49,0,23,0.589094997,201,0,3558,38,12,36,356
50,0,81,1,233,5,12624,30,15,79,2208
51,0,16,1,191,5,2431,40,16,89,218
52,0,37,-0.402230742,271,2,5738,22,13,17,618
53,0,21,1,227,2,3221,30,13,82,320
54,0,99,1,254,11,17575,26,17,81,5876
55,0,11,-0.574377656,158,12,1647,47,18,15,139
56,0,23,1,180,0,3558,43,12,70,365
57,0,77,1,170,5,11971,47,16,60,1939
58,0,7,-1,181,5,1062,39,15,8,108
59,0,70,0.904157591,224,13,10559,33,18,47,1591
60,0,51,0.496515679,166,20,7462,48,20,33,903
61,0,3,1,135,3,454,43,16,79,44
62,0,14,1,210,0,2121,33,10,89,197
63,0,65,1,223,2,10099,33,13,68,1364
64,0,56,0.29311346,166,5,8611,48,15,28,1038
65,0,97,1,207,2,16547,38,11,95,4641
66,0,5,1,221,2,741,24,13,61,59
67,0,61,1,251,12,9155,26,18,52,1171
68,0,11,1,168,18,1626,45,20,73,152
69,0,3,1,171,0,455,28,12,98,40
70,0,63,0.905249542,233,20,9277,29,20,47,1299
71,0,23,1,215,12,3441,34,18,73,346
72,0,39,0.047007835,177,5,5999,45,16,22,653
73,0,77,0.293601737,265,6,11972,24,15,28,1962
74,0,46,0.968462735,178,2,7071,45,13,50,819
75,0,87,0.04591576,213,5,13699,37,13,22,2653
76,0,41,1,165,15,6114,48,19,52,620
77,0,43,0.680396873,249,0,6652,26,10,39,743
78,0,7,0.595103578,220,3,1062,27,14,36,98
79,0,66,1,232,0,10317,30,10,92,1512
80,0,34,1,185,5,5254,42,16,83,548
81,0,25,1,273,12,3745,21,18,87,338
82,0,37,0.29366869,172,0,5765,46,10,28,571
83,0,56,1,183,3,8643,43,14,85,1100
84,0,73,1,233,0,11444,30,11,94,1803
85,0,86,1,182,9,13200,44,17,65,2497
86,0,84,1,182,6,13077,44,16,97,2460
87,0,33,1,181,0,5142,43,10,78,559
88,0,32,-1,256,20,4688,25,20,7,445
89,0,31,0,181,9,4690,43,17,21,469
90,0,100,0.123031856,189,6,19117,42,15,24,7126
91,0,47,0.745937758,180,0,7262,44,10,41,833
92,0,44,0.590076336,271,15,6550,22,19,36,743
93,0,42,1,217,0,6504,34,11,62,726
94,0,5,1,149,0,743,46,10,52,65
95,0,95,-0.171423111,182,3,15698,44,13,19,4006
96,0,27,-1,227,20,3947,30,20,7,414
97,0,20,0.411026741,245,5,3029,26,15,31,267
98,0,97,1,221,4,16443,34,13,56,4606
99,0,32,1,171,5,4915,46,15,53,502
100,1,48,1,232,0,7372,29,12,93,847
101,2,37,1,257,14,5484,25,19,67,554
102,2,32,1,185,0,4927,42,12,73,475
103,2,40,-0.756874581,210,12,5964,36,18,13,613
104,2,11,1,173,9,1653,43,17,89,142
105,2,9,1,210,3,1372,31,14,98,120
106,2,70,0.936524454,167,9,10571,50,17,48,1508
107,2,90,1,265,5,14031,24,16,62,2836
108,2,20,1,200,0,3022,38,12,73,266
109,2,71,0.82221394,175,9,10732,46,17,44,1564
110,2,83,1,207,5,12789,38,15,55,2235
111,2,75,-1,168,15,11153,49,19,8,1705
112,2,63,-1,165,20,9188,50,20,8,1214
113,2,35,1,216,0,5407,34,12,82,567
114,2,38,0.371924234,223,12,5649,32,18,30,574
115,2,38,1,179,0,5857,44,11,59,618
116,2,29,-1,195,4,4444,40,14,2,469
117,2,69,1,232,9,10414,30,17,70,1539
118,2,64,-1,192,5,9780,41,16,9,1282
119,3,19,-1,209,9,2797,35,17,5,255
120,3,72,-1,231,2,11069,31,13,5,1585
121,3,51,1,232,2,7754,29,13,94,895
122,3,77,-0.297063031,213,2,11883,37,13,18,1858
123,3,52,0.681051837,211,0,7948,36,12,39,925
124,3,10,-1,207,0,1508,32,11,2,111
125,3,50,1,258,0,7643,25,12,82,899
126,3,44,0.121643918,210,5,6667,36,15,24,675
127,3,4,1,187,2,585,30,14,66,50
128,3,89,1,182,0,13951,44,12,99,2811
129,3,58,0.643691064,166,0,8908,48,12,38,1103
130,3,60,0.119174362,198,0,9205,40,11,24,1178
131,3,17,1,163,0,2563,47,10,66,212
132,3,76,-1,235,5,11617,29,16,3,1780
133,4,33,0.681485872,239,0,5061,28,12,39,528
134,4,86,1,200,21,12550,40,20,88,2117
135,4,5,1,145,3,724,47,14,52,58
136,4,98,1,235,13,16186,29,18,80,4715
137,4,16,1,254,20,2294,24,20,77,207
138,4,4,1,187,6,583,30,17,98,44
139,5,21,1,243,5,3146,27,15,77,269
140,5,61,1,231,9,9065,30,17,62,1081
141,5,31,-1,208,12,4553,37,18,1,414
142,5,48,-1,178,0,7263,45,11,2,794
143,5,49,1,230,14,7137,30,19,94,745
144,5,48,-1,166,9,7089,49,17,6,773
145,6,40,0.375740619,177,2,6076,45,13,30,575
146,6,58,-1,166,5,8712,48,15,4,1041
147,6,37,0.353304285,182,9,5508,43,17,29,501
148,6,54,0.517098192,183,0,8188,43,10,34,951
149,6,7,0.595397891,162,0,1043,44,12,36,87
150,6,51,-0.758045603,166,2,7675,48,13,13,876
151,6,37,1,164,3,5605,50,14,81,563
152,6,25,-0.576326531,184,12,3675,42,18,15,333
153,6,93,1,249,15,14016,27,19,58,2959
154,6,93,0.800449806,231,0,14673,31,11,43,3198
155,6,7,0.119116234,200,2,1041,32,13,24,99
156,6,90,1,182,13,13424,44,18,56,2596
157,7,2,1,124,2,293,37,17,64,25
158,7,71,0.518128006,267,0,10812,23,12,34,1519
159,7,79,0.798657718,200,13,11622,40,18,42,1754
160,7,36,-1,176,12,5283,45,18,8,490
161,7,26,0.850818833,175,2,3908,45,13,45,343
162,7,51,0.492136304,258,3,7630,25,14,33,845
163,8,47,1,210,2,7031,37,13,76,711
164,8,76,-0.173439135,180,2,11468,45,13,19,1622
165,8,68,1,232,0,10303,30,11,67,1386
166,8,21,0.290290621,208,14,3028,36,19,28,248
167,8,14,-1,217,5,2054,31,15,6,175
168,8,45,1,220,0,6777,33,11,89,708
169,8,52,-1,224,0,7819,32,12,1,898
170,8,23,0.797434368,225,12,3352,31,18,43,295
171,8,66,1,248,0,9985,27,12,54,1256
172,8,10,-0.413306452,198,2,1488,35,13,17,119
173,8,19,1,219,5,2797,32,16,91,234
174,8,94,1,170,15,14126,47,19,66,3070
175,8,1,0.820512821,71,0,117,29,14,43,11
176,8,95,-0.575453519,200,3,15049,40,14,15,3511
177,8,87,-1,227,9,12908,32,17,10,2279
178,9,27,1,163,0,4047,48,11,72,372
179,9,32,-0.930217938,178,5,4772,44,15,11,464
180,9,53,0.402643287,262,14,7642,24,19,31,839
181,9,36,0.486764706,209,0,5440,36,12,33,516
182,9,89,-1,213,16,12991,37,19,4,2329
183,9,6,-1,214,0,883,27,12,5,75
184,9,61,0.95974055,211,9,8942,37,17,49,1036
185,9,78,0.346627867,168,5,11684,49,16,29,1726
186,9,86,1,253,5,12871,26,16,54,2178
187,9,23,1,208,5,3424,36,15,62,305
188,9,7,0.086395233,231,10,1007,25,18,23,83
189,9,31,0.557482338,164,0,4671,48,11,35,413
190,9,86,0.175445738,214,21,12283,36,20,26,2079
191,9,84,1,267,5,12570,23,16,54,2112
192,9,67,1,274,9,9849,22,17,67,1254
193,9,93,-0.643918777,253,4,14331,26,14,14,2973
194,9,2,1,163,0,292,21,10,69,24
195,9,15,1,248,0,2211,25,11,94,194
196,9,67,1,274,3,10031,22,14,100,1373
197,9,18,1,271,14,2573,21,19,59,220
198,10,66,1,278,0,9910,21,11,84,1288
199,10,9,0.901639344,231,5,1342,26,16,47,98
200,10,43,-0.094535176,261,5,6368,24,15,20,640
201,10,59,1,198,3,8775,40,14,97,1031
202,10,48,1,165,14,6874,50,19,82,679
203,10,64,1,251,14,9198,26,19,59,1103
204,10,64,-0.928982927,251,2,9547,26,13,11,1172
205,10,88,1,180,9,12964,45,17,91,2253
206,10,56,-0.48173913,211,14,8050,36,19,16,908
207,10,47,-0.175241389,258,5,6939,25,15,19,690
208,10,29,1,256,5,4319,25,16,98,384
209,10,11,-1,242,13,1588,25,19,8,121
210,10,85,0.747315381,203,22,12106,39,20,41,2039
211,10,67,-0.399185943,181,0,10073,44,12,17,1290
212,10,76,1,182,0,11445,44,10,68,1713
213,10,65,0.293442795,230,9,9501,31,17,28,1162
214,10,65,-1,264,3,9672,24,14,3,1203
215,10,69,1,274,0,10374,22,10,71,1422
216,10,23,1,162,20,3269,50,20,63,287
217,11,69,1,166,20,9749,50,20,67,1198
218,11,66,0.625512241,243,13,9517,28,18,37,1231
219,12,52,0.800733656,241,5,7633,28,16,42,817
220,12,50,0.871961326,173,9,7240,46,17,46,746
221,12,29,0.745394426,163,9,4234,50,17,41,371
222,12,74,1,170,15,10588,47,19,66,1488
223,12,47,1,165,5,6897,50,16,61,727
224,12,8,1,164,0,1172,44,10,99,95
225,12,74,0.906793628,180,5,10922,45,16,47,1469
226,12,55,1,221,12,7905,33,18,51,840
227,12,21,0.129276316,247,9,3040,26,17,24,230
228,12,93,0.342272406,168,2,14170,48,13,29,2946
229,12,39,0.820944206,231,0,5825,29,10,44,546
230,12,58,1,222,2,8592,33,13,93,989
231,12,36,1,202,0,5390,38,12,63,514
232,12,21,1,188,5,3084,41,15,66,274
233,12,71,0.646694608,233,5,10498,30,15,38,1366
234,12,14,1,265,0,2040,21,10,53,162
235,12,37,0.345369504,167,12,5345,47,18,29,480
236,12,25,0.900194067,163,12,3607,49,18,47,315
237,12,17,1,178,5,2485,43,16,94,207
238,13,65,-0.639766082,226,9,9405,32,17,14,1086
239,13,10,1,189,0,1469,38,10,94,108
240,13,38,1,186,0,5656,42,11,59,525
241,13,22,0.742724458,215,5,3230,34,16,41,272
242,13,91,0.627485639,200,5,13578,40,15,37,2573
243,14,6,0.28358209,164,0,871,42,11,28,78
244,14,83,1,167,3,12212,50,14,66,1834
245,14,95,1,279,2,14637,21,13,88,3273
246,14,26,1,170,9,3752,46,17,77,315
247,14,34,-0.758436214,198,14,4860,39,19,13,462
248,14,67,1,206,2,9871,38,13,66,1265
249,14,23,-1,163,3,3372,49,14,5,297
250,14,31,-0.408577878,209,12,4430,36,18,17,393
251,14,77,0.518881119,233,0,11440,30,11,34,1696
252,14,26,0.900325027,215,14,3692,34,19,47,301
253,14,29,1,260,12,4156,24,18,66,356
254,14,96,1,207,0,15043,38,11,57,3566
255,14,81,1,194,0,12051,41,10,75,1909
256,14,9,1,160,17,1282,46,20,98,91
257,15,62,1,229,9,8886,31,17,57,1019
258,15,34,1,202,3,5003,38,14,74,439
259,15,21,0.51926243,229,5,3037,29,16,34,239
260,15,98,1,245,3,15768,28,14,80,4288
261,15,87,0.517169049,175,0,12872,46,11,34,2214
262,15,33,-1,274,14,4674,21,19,9,396
263,15,31,1,176,5,4518,45,15,83,390
264,15,89,0.435100548,267,2,13128,23,13,32,2333
265,15,51,-1,166,5,7380,49,16,2,752
266,15,66,1,199,12,9366,40,18,71,1131
267,15,7,-1,205,0,1018,30,11,8,93
268,15,93,1,265,21,13205,24,20,81,2589
269,15,11,1,197,0,1604,37,10,61,110
270,15,89,0.371817417,235,3,13079,29,14,30,2350
271,15,48,1,165,20,6637,50,20,91,657
272,15,100,0.182417705,276,3,17893,22,14,26,6315
273,15,11,-1,156,12,1565,48,18,2,118
274,15,85,-1,233,0,12573,30,12,10,2087
275,16,89,1,231,15,12568,31,19,82,2239
276,16,23,-0.761803229,215,9,3283,34,17,13,270
277,16,45,0.586248859,179,0,6574,44,10,36,667
278,16,6,0.480880649,225,0,863,25,11,33,63
279,16,81,1,231,5,11782,31,15,90,1793
280,16,18,1,253,9,2549,25,17,83,208
281,16,68,1,202,13,9622,39,18,77,1204
282,17,90,1,168,14,12744,49,18,64,2256
283,17,2,-0.503571429,157,5,280,22,18,16,17
284,17,21,-0.092136348,247,9,2963,26,17,20,230
285,17,2,1,142,0,282,26,11,99,18
286,17,83,0.237030859,224,5,11990,33,16,27,1808
287,18,2,1,136,0,280,27,14,78,19
288,18,88,0.679492172,170,0,12839,47,11,39,2195
289,18,25,0.050678482,201,2,3611,38,13,22,274
290,18,11,-1,156,3,1574,48,14,7,97
291,19,30,1,176,5,4297,45,15,94,336
292,19,37,0,217,2,5348,34,13,21,458
293,19,63,0.1202052,180,20,8577,44,20,24,939
294,19,87,1,249,0,12610,27,11,61,2067
295,20,87,-0.84677355,267,0,12537,23,10,12,2061
296,20,20,0.676366217,169,2,2818,46,13,39,219
297,20,24,1,261,5,3407,23,16,70,268
298,20,18,1,162,9,2501,48,17,87,184
299,20,94,1,235,0,13892,29,10,72,2809
300,20,50,1,228,0,7140,31,12,93,700
301,20,43,-1,227,20,5821,31,20,3,526
302,20,49,0.048417401,276,5,6919,21,15,22,677
303,20,60,1,265,0,8586,23,10,51,916
304,20,20,0.58790237,205,0,2827,37,10,36,212
305,20,22,0.738383195,177,0,3142,44,12,41,261
306,21,13,1,228,12,1753,28,18,59,112
307,21,27,0.822711776,180,3,3813,43,14,44,317
308,21,7,1,205,3,974,30,14,62,62
309,21,84,0.750253122,214,5,11852,36,15,41,1805
310,21,98,-0.40065083,231,1,15365,31,11,17,4079
311,21,1,-0.205357143,67,0,112,29,10,19,10
312,21,100,1,254,7,17085,26,15,95,5861
313,21,12,0.827893175,177,0,1685,42,11,44,114
314,21,40,1,231,12,5542,29,18,53,470
315,21,20,0.711979914,200,5,2788,38,15,40,231
316,21,70,1,249,12,9640,27,18,77,1144
317,21,35,1,163,5,4974,50,16,60,427
318,21,97,0.119470544,265,3,14581,24,14,24,3489
319,21,41,1,203,14,5634,38,19,78,509
320,21,7,1,149,3,974,50,14,61,64
321,21,9,0.3671875,210,0,1280,31,12,30,100
322,21,91,0.714846456,267,5,12993,23,15,40,2321
323,22,23,1,225,0,3250,31,11,82,242
324,22,26,1,163,0,3675,48,11,59,290
325,22,89,0.874154475,227,0,12714,32,10,46,2235
326,22,11,1,170,5,1538,44,16,72,103
327,22,24,1,180,12,3283,43,18,77,213
328,22,30,0.401123333,166,0,4273,47,12,31,338
329,22,13,1,191,0,1788,39,11,92,147
330,22,76,0.486398964,244,0,10808,28,11,33,1434
331,22,46,1,250,20,6143,26,20,78,557
332,22,98,-0.092332896,254,1,15260,26,11,20,3961
333,22,1,1,77,0,112,23,11,88,13
334,23,43,1,209,1,6064,37,10,56,558
335,23,23,1,218,0,3237,33,10,71,247
336,24,45,-1,210,5,6232,36,16,10,564
337,24,79,1,221,15,10653,34,19,58,1414
338,24,57,1,168,12,7720,47,18,67,781
339,24,94,-0.638066002,170,13,13030,47,18,14,2568
340,24,34,-0.933491175,163,12,4646,50,18,11,355
341,24,79,-1,203,5,10977,39,15,9,1492
342,24,63,0.710774832,263,2,8789,24,13,40,1007
343,24,47,1,228,12,6347,31,18,64,591
344,24,83,-0.402244688,182,0,11672,44,12,17,1767
345,24,79,1,217,21,10477,35,20,98,1389
346,24,77,1,233,21,10223,30,20,53,1336
347,24,69,-0.568342246,166,12,9350,50,18,15,1087
348,24,50,-1,200,3,6935,39,14,8,660
349,25,77,0.642452918,227,0,10779,32,12,38,1445
350,25,63,0.745999763,229,14,8437,31,19,41,853
351,25,67,-0.403029977,181,2,9307,44,13,17,1102
352,25,47,0.684569075,228,12,6312,31,18,39,554
353,25,91,1,194,0,12865,41,11,57,2306
354,25,34,-0.180242272,228,0,4788,30,11,19,412
355,25,73,1,182,3,10116,44,14,55,1308
356,25,99,-1,167,1,15706,50,11,4,4654
357,26,34,0.95970696,262,9,4641,23,17,49,368
358,26,89,1,231,9,12051,31,17,62,1970
359,26,65,1,181,0,9013,44,11,65,1028
360,26,26,0.587479039,163,2,3578,48,13,36,274
361,26,2,1,154,0,271,22,14,58,25
362,26,32,0.237098692,230,20,4205,29,20,27,335
363,26,35,1,219,3,4849,33,14,95,379
364,26,41,0.290574061,231,5,5644,29,16,28,482
365,26,12,1,217,9,1620,29,17,88,106
366,26,16,0.687589158,213,20,2103,33,20,39,172
367,26,50,0.745221071,241,3,6853,28,14,41,670
368,26,25,0.176334776,177,0,3465,44,12,26,275
369,26,27,1,211,14,3592,35,19,52,284
370,26,73,1,231,1,10131,31,10,84,1220
371,26,90,0.853723404,213,15,12032,37,19,45,1923
372,26,80,-0.305773672,233,9,10825,30,17,18,1480
373,27,78,1,214,15,10343,36,19,59,1337
374,27,34,0.049009163,248,3,4693,26,14,22,348
375,27,45,1,275,0,6184,21,11,89,554
376,27,39,1,217,0,5397,34,10,69,450
377,27,76,1,244,0,10497,28,11,79,1407
378,27,78,-0.178381514,265,15,10343,24,19,19,1299
379,27,26,1,211,14,3438,35,19,95,243
380,27,78,1,265,0,10788,24,12,70,1426
381,27,4,0.803001876,218,2,533,22,14,43,30
382,27,23,0.87028754,162,5,3130,50,16,46,218
383,27,97,0.643174968,253,5,13934,26,16,38,3158
384,27,82,0.049585253,235,15,10850,29,19,22,1497
385,27,36,-0.491287803,163,0,4993,50,11,16,403
386,27,96,0.711305616,170,3,13710,47,14,40,3001
387,27,28,-1,230,5,3835,29,15,5,273
388,27,48,1,246,14,6321,27,19,74,557
389,27,29,0.410168599,178,20,3796,44,20,31,279
390,27,41,0.849909584,182,9,5530,43,17,45,478
391,27,22,-0.761371351,227,9,2946,30,17,13,229
392,28,96,1,224,1,13746,33,12,63,3065
393,28,28,1,163,5,3813,50,15,71,291
394,29,27,1,255,14,3527,25,19,73,267
395,29,28,1,209,0,3829,36,10,70,299
396,30,15,1,201,0,1994,36,12,96,123
397,30,87,1,167,1,11760,50,12,59,1831
398,30,8,0.867549669,191,0,1057,37,10,46,67
399,30,81,1,231,0,10975,31,10,55,1460
400,30,95,-0.094113944,221,15,12708,34,19,20,2514
401,30,56,1,228,0,7557,31,12,52,719
402,30,67,0.804963709,167,20,8542,48,20,43,970
403,30,65,0.900996906,181,2,8727,44,13,47,1001
404,30,29,-0.49745935,228,0,3936,30,11,16,292
405,31,52,0.287773933,264,0,6936,23,10,28,659
406,31,81,0.824371766,267,2,10824,23,13,44,1486
407,31,61,1,222,12,7892,33,18,89,775
408,31,26,1,273,5,3441,21,15,54,246
409,31,16,0.51605288,210,2,2118,34,13,34,143
410,31,81,1,200,0,10895,40,11,95,1492
411,31,12,0.142394822,192,12,1545,38,18,25,99
412,31,95,0.649971772,185,21,12399,43,20,38,2513
413,31,59,1,183,0,7902,43,10,95,809
414,31,6,0.824133504,167,5,779,41,15,44,41
415,31,13,0.813388626,178,0,1688,42,11,43,126
416,31,97,0.900553291,168,0,13736,48,11,47,3139
417,31,20,0.177659169,253,3,2623,25,14,26,175
418,32,45,1,190,12,5788,41,18,96,510
419,32,44,1,229,9,5726,30,17,93,493
420,33,52,-0.754864387,168,5,6784,47,15,13,634
421,33,45,1,196,3,5905,40,14,72,563
422,34,47,-1,204,5,6080,38,15,6,503
423,34,66,1,230,14,8325,31,19,78,860
424,34,64,0.748072289,277,5,8300,21,15,41,879
425,34,32,0.591233686,171,14,4061,46,19,36,307
426,34,57,-1,211,13,7231,37,18,9,683
427,34,39,1,245,0,5157,27,12,99,430
428,34,51,1,262,3,6612,24,14,72,622
429,34,89,0.345030266,217,9,11399,35,17,29,1728
430,34,70,-0.486917816,221,0,9211,34,12,16,1081
431,34,10,-1,154,13,1258,48,19,2,73
432,34,58,1,277,12,7347,21,18,93,701
433,34,44,1,165,9,5646,49,17,69,475
434,35,4,-1,171,2,499,35,14,4,29
435,35,45,-1,220,0,5850,33,12,2,502
436,35,14,1,261,5,1780,22,16,84,146
437,36,19,0.083988415,206,0,2417,36,10,23,147
438,36,98,1,227,3,13507,32,14,86,3167
439,36,7,0.847112118,151,0,883,47,10,45,71
440,37,27,0.809189347,218,5,3417,33,15,43,252
441,37,41,1,172,20,5001,46,20,78,364
442,37,39,-1,172,9,4915,46,17,4,354
443,37,74,1,194,21,8963,41,20,57,1019
444,37,42,1,186,12,5224,42,18,72,454
445,37,64,0.9029234,201,5,8107,39,15,47,800
446,37,63,1,247,5,7979,27,15,87,837
447,37,26,-0.499847978,247,5,3289,26,15,16,244
448,37,49,1,230,12,6058,30,18,62,503
449,37,41,0.742829828,213,5,5230,35,15,41,404
450,37,84,0.934006356,207,2,10698,38,13,48,1479
451,37,89,1,203,9,11121,39,17,89,1615
452,37,60,0.684224817,166,14,7366,48,19,39,726
453,37,44,0.342972182,172,12,5464,46,18,29,462
454,37,26,0.559440559,180,5,3289,43,16,35,243
455,37,85,0.936097375,244,13,10516,28,18,48,1403
456,38,21,-0.319727891,162,0,2646,50,10,18,190
457,38,68,1,167,20,8168,49,20,52,821
458,38,29,1,262,0,3707,23,11,91,286
459,38,76,1,175,3,9607,46,14,70,1177
460,38,69,1,169,0,8785,47,11,71,938
461,38,100,0.401592401,224,15,14318,33,19,31,4318
462,39,13,0.283269962,209,5,1578,33,15,28,111
463,39,34,1,230,5,4283,29,16,84,324
464,40,94,1,224,21,11247,33,20,75,1971
465,40,87,1,221,5,10677,34,16,87,1534
466,40,78,0.049013367,244,13,9426,28,18,22,1122
467,40,32,1,198,21,3788,39,20,88,271
468,40,5,1,183,5,587,33,15,79,40
469,40,56,0.078493387,228,0,6956,31,10,23,613
470,40,45,-0.757515393,164,5,5522,50,16,13,434
471,40,83,1,185,2,10282,43,13,89,1371
472,40,46,1,210,5,5631,37,15,57,463
473,40,50,1,204,0,6191,38,12,96,465
474,40,32,1,248,5,3958,26,16,54,292
475,40,8,0.430184805,165,0,974,43,12,32,59
476,40,65,-1,213,20,7636,36,20,10,743
477,40,48,0.177228412,221,12,5744,33,18,26,450
478,40,64,1,251,20,7518,26,20,58,752
479,40,11,0.80800593,246,0,1349,24,11,43,90
480,40,38,-1,275,3,4729,21,14,9,341
481,40,98,1,194,5,12920,41,15,59,3054
482,40,48,-1,224,5,5864,32,16,5,481
483,40,74,0.364931568,214,13,8914,36,18,30,960
484,41,89,0.048893952,175,15,10533,46,19,22,1524
485,41,16,0.848843188,210,2,1945,34,13,45,131
486,41,35,1,262,20,4117,23,20,99,286
487,41,90,1,217,13,10734,35,18,59,1629
488,41,41,0.700297324,196,2,5045,40,13,40,366
489,41,48,0.820517241,211,5,5800,36,16,44,515
490,41,61,-0.490611323,242,20,7083,28,20,16,664
491,41,30,1,178,2,3696,44,13,100,286
492,41,51,1,262,20,5894,24,20,96,537
493,41,6,-0.932038835,190,5,721,33,16,11,55
494,41,29,0.484942302,202,5,3553,38,15,33,262
495,41,7,0.580606061,159,10,825,45,18,36,50
496,41,55,1,166,20,6391,48,20,96,558
497,41,34,0.47957497,239,0,4235,28,12,33,299
498,41,65,1,202,15,7692,39,19,76,750
499,41,35,-0.843023256,164,5,4300,48,15,12,359
500,41,23,1,243,5,2807,27,15,68,193
501,41,58,0.148387097,215,0,7130,35,11,25,627
502,41,62,0.07845216,233,5,7546,29,15,23,695
503,42,25,1,163,5,3018,49,16,100,178
504,42,30,0.406151193,256,20,3479,25,20,31,263
505,42,66,1,167,3,7988,48,13,79,763
506,42,45,1,240,14,5257,28,19,66,430
507,42,12,1,155,2,1431,50,13,60,91
508,42,73,0.795686847,182,0,8903,44,12,42,1031
509,42,73,1,168,9,8681,49,17,55,926
510,42,29,1,185,0,3550,42,11,95,240
511,42,62,1,233,20,7122,29,20,61,683
512,42,25,0.967137693,194,0,3043,40,10,50,232
513,42,37,-0.488542825,249,5,4495,26,15,16,349
514,42,54,1,191,3,6501,41,14,79,621
515,42,30,1,219,5,3632,33,16,53,263
516,43,81,-0.403806584,203,3,9720,39,14,17,1192
517,43,66,1,230,0,7960,31,12,95,793
518,43,93,0.967624623,167,3,11274,50,14,50,1866
519,43,36,0.966549708,209,9,4275,36,17,50,323
520,43,94,1,249,0,11586,27,11,73,2154
521,43,75,-1,167,0,9055,50,11,2,992
522,43,85,1,170,5,10117,47,16,80,1390
523,43,38,1,229,5,4565,30,15,88,339
524,43,22,1,170,0,2650,46,11,66,191
525,43,25,-1,255,0,3018,25,12,8,200
526,43,53,1,200,9,6203,39,17,59,555
527,43,13,1,157,19,1464,48,20,60,71
528,43,90,0.635221856,261,0,10908,25,12,38,1649
529,43,24,-0.50069541,243,3,2876,27,14,16,194
530,43,95,-0.307906977,224,1,11825,33,12,18,2258
531,43,41,1,271,20,4704,22,20,95,336
532,43,100,0.150992235,250,6,13908,27,16,25,4158
533,44,31,1,212,0,3729,35,10,74,270
534,44,23,1,238,20,2620,28,20,61,172
535,44,13,0.231179214,171,0,1501,44,12,27,89
536,44,7,-0.762484775,193,5,821,33,15,13,48
537,44,23,1,175,20,2620,45,20,63,159
538,44,54,1,180,14,6186,44,19,60,501
539,44,47,1,204,0,5575,38,10,83,436
540,44,70,-0.845073985,233,20,7907,30,20,12,807
541,44,43,-0.408613229,275,20,4853,21,20,17,339
542,44,51,1,211,0,6040,36,12,76,480
543,44,27,-0.58112,261,12,3125,23,18,15,214
544,44,86,1,227,0,10261,32,11,82,1419
545,44,29,1,164,9,3413,49,17,51,221
546,44,79,0.526698757,213,21,8933,37,20,34,1051
547,44,80,1,182,1,9586,44,12,60,1157
548,45,16,0.964439655,254,5,1856,24,15,50,109
549,45,18,1,183,12,2049,42,18,85,146
550,45,82,1,213,0,9693,37,11,85,1197
551,45,21,0.085227273,269,0,2464,22,12,23,163
552,45,46,0.791875241,264,14,5194,23,19,42,427
553,45,78,1,235,0,9250,29,11,53,1053
554,45,84,1,194,21,9330,41,20,94,1171
555,45,71,1,217,0,8408,35,12,93,889
556,45,10,0.740350877,164,13,1140,45,19,41,61
557,45,6,-1,180,14,674,36,20,8,47
558,45,86,0.176355592,221,16,9719,34,19,26,1280
559,45,81,1,189,9,9340,42,17,67,1090
560,45,81,-0.49085527,200,5,9459,40,15,16,1171
561,45,53,1,168,12,6032,47,18,75,469
562,45,49,1,218,14,5539,34,19,71,405
563,45,90,-1,275,0,10655,22,10,9,1649
564,46,89,0.07534642,194,0,10392,41,11,23,1551
565,46,91,-0.179410632,244,9,10384,28,17,19,1540
566,46,74,0.93748503,180,13,8350,45,18,48,898
567,46,24,1,211,5,2782,35,15,81,197
568,46,91,0.148369927,253,5,10521,26,16,25,1626
569,46,84,-0.929926402,200,5,9647,40,16,11,1216
570,46,61,1,222,0,7107,33,11,84,642
571,46,8,-0.586507073,233,9,919,25,17,15,50
572,46,59,-0.645501097,173,2,6835,46,13,14,571
573,46,72,-0.093796342,189,14,8092,42,19,20,824
574,46,31,0.819726027,195,0,3650,40,12,44,267
575,46,20,0.819167389,267,2,2306,22,13,44,158
576,46,61,1,166,2,7064,48,13,92,607
577,46,31,1,163,3,3621,50,14,59,266
578,46,64,-0.489948704,180,12,7213,44,18,16,641
579,46,62,0.621030043,273,12,6990,22,18,37,632
580,46,6,1,225,0,690,24,11,56,45
581,46,59,1,222,20,6487,33,20,54,563
582,47,10,0,188,0,1140,38,12,21,73
583,47,92,-0.759569148,231,9,10398,31,17,13,1630
584,47,100,1,194,0,13432,41,12,86,3998
585,47,28,1,248,0,3238,26,10,89,186
586,47,86,1,207,5,9742,38,15,76,1242
587,47,14,-1,188,5,1566,40,16,8,103
588,47,55,1,187,20,5980,42,20,95,513
589,47,26,1,215,9,2927,34,17,79,192
590,47,90,1,170,5,10232,47,16,94,1477
591,47,14,1,207,5,1566,34,16,67,101
592,47,75,1,275,2,8588,22,13,90,936
593,47,42,0.957369323,263,14,4668,23,19,49,345
594,47,45,0.743439091,263,5,5106,23,15,41,404
595,47,63,1,166,5,7158,48,15,60,629
596,47,64,1,277,0,7362,21,11,94,709
597,47,90,1,275,0,10394,22,10,75,1579
598,47,54,-1,180,0,6206,44,12,10,554
599,47,43,1,165,0,4953,49,11,63,359
600,47,49,-1,218,12,5437,34,18,5,428
601,47,8,0.089700997,149,3,903,49,14,23,55
602,48,96,0.433600713,180,2,11220,45,13,32,2139
603,48,30,-1,239,0,3439,28,12,4,227
604,48,96,0.430530973,261,0,11300,25,12,32,2121
605,48,24,0.872285609,259,3,2717,24,14,46,158
606,48,45,1,165,5,5048,48,16,99,389
607,48,89,1,267,5,9978,23,15,71,1388
608,48,70,0.640181465,233,12,7715,30,18,38,732
609,48,97,1,275,13,11093,22,18,95,2205
610,48,80,0.796584572,253,21,8608,26,20,42,956
611,48,71,-1,175,0,8110,46,11,9,803
612,48,56,1,200,14,6122,39,19,86,499
613,48,44,-1,231,2,4985,29,13,4,432
614,48,25,1,273,5,2828,21,15,65,181
615,48,75,0.343019808,214,5,8431,36,15,29,925
616,48,77,1,175,0,8800,46,12,69,993
617,48,62,-0.309044514,178,0,7054,45,10,18,646
618,48,65,0.146939347,278,12,7139,21,18,25,675
619,48,39,1,177,12,4335,45,18,61,324
620,48,16,0.850804215,185,0,1803,41,11,45,118
621,48,94,1,207,0,10904,38,12,100,1854
622,49,3,1,146,0,325,29,10,75,17
623,49,95,1,253,3,10849,26,14,52,1945
624,49,71,0.39992237,231,13,7729,31,18,31,760
625,49,80,0.8210809,267,3,8937,23,14,44,1063
626,49,29,1,178,12,3162,44,18,74,237
627,49,40,1,164,0,4533,50,11,95,357
628,49,16,1,264,14,1716,22,19,69,102
629,49,55,0.365758755,230,0,6168,30,11,30,537
630,49,54,-1,197,5,5973,40,15,8,557
631,49,25,-0.844624448,197,12,2716,39,18,12,190
632,49,90,1,185,0,10131,43,10,100,1533
633,49,5,0.485768501,141,0,527,47,11,33,27
634,49,46,0.819723251,250,0,5131,26,10,44,426
635,50,88,0.820466786,275,9,9469,22,17,44,1258
636,50,37,-0.934882533,203,20,3916,38,20,11,279
637,50,84,0.402976967,168,3,9204,49,14,31,1175
638,50,71,1,168,9,7689,48,17,88,751
639,50,78,1,233,0,8690,30,12,70,947
640,50,57,0.279402102,198,12,6088,40,18,28,484
641,50,83,1,168,5,9069,48,16,76,1109
642,50,36,-1,171,3,3996,46,14,3,284
643,50,68,1,167,5,7451,48,16,95,706
644,51,32,1,163,5,3472,50,16,99,218
645,51,32,1,274,20,3320,21,20,71,219
646,51,56,1,241,5,6024,28,16,70,516
647,51,53,1,221,5,5696,33,15,90,448
648,51,90,0.511734227,227,0,9843,32,12,34,1431
649,51,8,1,146,13,829,50,19,67,61
650,51,87,-1,175,3,9390,46,14,9,1146
651,51,24,-1,207,5,2593,37,16,5,167
652,51,21,1,215,20,2164,34,20,80,126
653,51,11,0.232219366,207,9,1167,32,17,27,56
654,51,20,0.795623836,183,3,2148,42,14,42,135
655,51,28,1,195,12,2968,40,18,59,203
656,51,22,0.964489259,255,20,2281,25,20,50,150
657,51,54,1,224,9,5733,32,17,81,446
658,51,86,-1,227,5,9229,32,16,6,1207
659,51,60,1,168,20,6142,47,20,91,517
660,51,84,0.487416012,275,15,8781,22,19,33,1100
661,51,38,1,196,9,4090,40,17,78,269
662,52,6,0.224719101,150,5,623,44,15,27,36
663,52,44,0.933406353,190,14,4565,41,19,48,329
664,52,71,1,235,14,7367,29,19,56,741
665,52,52,1,178,2,5540,45,13,85,445
666,53,45,1,209,0,4772,37,12,68,343
667,53,24,0.966336634,238,5,2525,28,15,50,135
668,53,44,1,165,14,4508,48,19,86,346
669,53,96,0.560703987,261,15,10057,25,19,35,1869
670,54,40,0.700487805,209,12,4100,37,18,40,291
671,54,19,0.633774161,205,0,1966,37,12,38,136
672,54,97,1,207,13,10152,38,18,65,1943
673,54,44,1,190,0,4609,41,11,93,316
674,54,52,0.559708466,272,5,5351,22,15,35,413
675,54,84,1,249,9,8510,27,17,99,998
676,54,33,1,171,5,3449,46,15,51,226
677,54,48,0.14819326,178,5,4926,45,15,25,402
678,55,29,1,239,3,2982,28,14,98,156
679,55,88,1,235,6,8897,29,15,92,1120
680,55,76,0.853391685,180,2,7769,45,13,45,840
681,55,83,1,180,0,8519,45,12,96,999
682,55,88,0.147594424,213,5,8896,37,16,25,1211
683,55,38,1,203,2,3932,38,13,89,270
684,55,31,1,185,20,3041,42,20,88,179
685,55,60,-1,215,3,6094,35,14,4,537
686,55,36,-0.763806971,216,2,3730,34,13,13,236
687,55,39,-0.314114271,271,20,3833,22,20,18,255
688,55,73,1,261,12,7246,25,18,79,697
689,55,93,1,185,5,9528,43,15,58,1434
690,55,68,-0.843974691,212,2,6954,37,13,12,679
691,55,79,0.617455439,213,0,8135,37,11,37,908
692,55,39,0.968031968,203,5,4004,38,16,50,275
693,55,26,0.871168025,162,14,2577,50,19,46,140
694,56,54,-1,272,3,5398,22,14,8,413
695,56,30,-0.58637138,239,14,2935,28,19,15,191
696,57,97,-1,168,5,9845,49,15,10,1854
697,57,83,0.851425774,227,3,8171,32,13,45,984
698,57,5,0.826373626,208,10,455,23,19,44,29
699,57,48,1,211,5,4666,36,16,64,343
700,57,72,-1,261,3,7082,25,14,2,714
701,57,99,-0.644167498,268,21,10030,23,20,14,2307
702,57,97,1,213,5,9845,37,16,54,1830
703,57,48,1,166,12,4577,49,18,55,360
704,57,55,0.874058735,264,9,5312,23,17,46,437
705,57,45,0.637221848,209,0,4449,37,10,38,318
706,57,77,0.618469175,221,0,7656,34,10,37,823
707,57,17,1,177,2,1660,43,13,83,101
708,57,38,-0.492972686,271,5,3771,22,15,16,231
709,57,67,1,260,0,6636,25,10,65,616
710,57,65,1,206,0,6418,38,10,54,569
711,57,26,0.933229207,177,3,2561,44,14,48,157
712,57,21,0.819921492,220,9,2038,32,17,44,99
713,57,5,1,132,0,470,49,10,51,23
714,57,77,0.6280133,213,21,7218,37,20,37,761
715,58,57,1,212,12,5350,36,18,96,412
716,58,10,1,211,0,966,29,10,72,51
717,58,71,1,279,9,6742,21,17,98,656
718,58,92,1,249,6,8879,27,15,68,1287
719,58,70,1,194,20,6424,41,20,74,595
720,58,13,1,155,3,1224,50,14,59,79
721,58,17,0,255,5,1634,23,15,21,84
722,58,84,1,167,0,8143,50,12,77,997
723,58,94,1,244,5,9160,28,15,93,1485
724,58,28,0.821778584,171,0,2755,46,10,44,159
725,58,72,0.145109954,279,5,6912,21,16,25,672
726,58,15,-0.582524272,229,0,1442,28,10,15,79
727,58,26,1,255,5,2517,25,16,100,149
728,58,28,1,230,2,2743,29,13,80,170
729,58,18,1,225,0,1749,29,10,74,102
730,58,99,1,214,2,10400,36,13,93,2447
731,58,12,0.567944251,179,0,1148,41,12,35,105
732,59,84,1,267,3,7910,23,14,53,958
733,59,5,0.722095672,165,13,439,35,20,40,20
734,59,10,0.645195354,236,5,947,25,15,38,63
735,59,76,0.436514761,217,15,6978,35,19,32,741
736,59,7,1,183,11,640,34,19,62,28
737,59,61,1,178,5,5738,45,16,90,473
738,59,87,0.874689518,265,9,8052,24,17,46,985
739,59,31,1,256,5,2965,25,15,100,186
740,59,3,0.639285714,120,1,280,39,13,38,22
741,59,33,-0.930761935,226,5,3163,31,15,11,217
742,59,48,-0.412912216,214,20,4306,35,20,17,319
743,59,25,0.051347882,225,12,2337,31,18,22,142
744,59,7,1,235,3,658,21,14,57,36
745,59,21,0.801698302,201,3,2002,38,14,43,132
746,59,67,-1,274,5,6314,22,15,2,561
747,59,45,0.182316492,199,9,4196,39,17,26,297
748,59,88,0.276122171,253,13,8087,26,18,28,1083
749,59,47,1,173,0,4460,46,12,54,357
750,59,88,1,167,2,8335,50,13,90,1077
751,59,10,0.868995633,201,17,916,33,20,46,49
752,60,35,1,256,2,3311,25,13,68,212
753,60,92,0.64017375,214,5,8518,36,15,38,1292
754,60,98,1,233,0,9731,30,10,90,2071
755,60,22,1,238,0,2079,28,12,73,139
756,60,29,0.931222707,185,0,2748,42,10,48,189
757,60,91,0.821939019,175,5,8396,46,15,44,1226
758,61,52,1,178,5,4678,45,16,100,341
759,61,13,0.950305144,260,2,1147,21,13,49,65
760,61,6,0.557586837,184,0,547,30,11,35,35
761,61,53,-1,228,0,4827,31,12,9,372
762,61,92,1,275,9,8227,22,17,87,1182
763,61,57,1,192,5,5131,41,16,71,393
764,61,75,0.740653518,175,3,6794,46,14,41,688
765,61,82,1,167,15,7201,50,19,52,847
766,61,73,-0.584164589,207,14,6416,38,19,15,656
767,61,89,0.898745186,200,3,8049,40,14,47,1015
768,61,99,1,245,0,9839,28,12,97,2309
769,62,74,1,244,21,6225,28,20,53,628
770,62,45,0.408409987,209,20,3805,37,20,31,265
771,62,43,0.55613577,240,3,3830,28,14,35,279
772,62,59,-0.094578552,183,14,5054,43,19,20,430
773,62,92,1,213,5,8148,37,16,73,1161
774,62,45,1,217,0,4022,34,12,99,284
775,63,16,-1,158,19,1325,50,20,10,83
776,63,59,0.614784474,233,0,5127,29,12,37,409
777,64,42,1,210,4,3582,36,14,66,259
778,64,11,-1,243,5,936,23,16,10,50
779,64,35,-1,163,5,3013,50,15,6,184
780,64,74,1,227,0,6299,32,10,67,610
781,64,53,0.282184043,272,21,4249,22,20,28,317
782,64,85,1,168,5,7128,48,16,62,855
783,64,22,1,229,20,1811,29,20,94,105
784,64,7,1,229,0,592,21,12,87,28
785,64,48,1,178,2,4048,45,13,76,307
786,64,28,1,208,0,2417,37,12,54,158
787,64,52,0.848086937,168,0,4417,47,10,45,342
788,64,7,-0.502538071,136,2,591,49,13,16,43
789,64,24,0.345232274,211,5,2045,35,16,29,101
790,65,90,-0.595921653,244,2,7454,28,13,15,934
791,65,45,1,196,2,3731,40,13,61,240
792,65,15,0.6175,263,14,1200,21,19,37,58
793,65,84,0.436117579,253,6,6872,26,15,32,774
794,65,84,0.81605948,200,13,6725,40,18,44,740
795,65,56,0.228209532,166,0,4658,49,11,27,371
796,66,15,1,168,0,1210,44,12,83,68
797,66,79,0.699774266,261,13,6202,25,18,40,636
798,66,97,1,279,0,8166,21,10,93,1465
799,66,67,1,274,9,5303,22,17,63,426
800,66,41,0.148205928,213,20,3205,35,20,25,215
801,66,41,1,164,14,3262,50,19,73,216
802,66,96,1,180,0,7997,45,12,65,1371
803,66,71,1,265,2,5746,24,13,77,538
804,66,56,-1,187,5,4491,42,15,10,298
805,66,32,1,209,14,2554,36,19,95,173
806,66,43,0.791809851,257,2,3492,25,13,42,208
807,67,52,1,232,14,3943,29,19,70,282
808,67,35,1,256,12,2739,25,18,92,187
809,67,45,0.968121769,172,9,3482,46,17,50,220
810,67,76,1,214,0,6016,36,11,59,567
811,67,64,1,222,14,4845,33,19,58,389
812,67,75,0.178283462,231,21,5581,31,20,26,508
813,67,77,1,170,0,6103,47,10,88,617
814,68,48,-0.184121622,218,12,3552,34,18,19,243
815,68,20,0.346978558,221,5,1539,31,16,29,81
816,68,54,1,272,3,4101,22,14,54,289
817,68,1,1,50,2,70,25,19,77,3
818,68,60,0.898703041,168,9,4472,47,17,47,338
819,69,45,0.07704066,209,12,3271,37,18,23,229
820,69,79,1,221,15,5690,34,19,65,542
821,69,93,1,189,0,7033,42,12,95,1003
822,69,47,0.360857143,180,0,3500,44,10,30,249
823,69,35,1,195,20,2535,40,20,70,141
824,69,71,0.395825205,168,14,5126,49,19,31,466
825,69,90,1,275,5,6641,22,15,74,854
826,69,56,0.670088327,197,0,4189,40,12,39,296
827,69,70,1,167,5,5183,50,16,91,449
828,69,24,0,218,3,1801,33,14,21,101
829,69,53,-0.846406883,204,0,3952,38,11,12,290
830,69,29,-0.601455869,222,0,2198,32,11,15,146
831,69,72,0.553421592,213,2,5363,37,13,35,506
832,69,62,-1,201,12,4488,39,18,1,350
833,69,89,-0.099782067,213,13,6424,37,18,20,799
834,69,91,-0.414509288,227,0,6837,32,10,17,912
835,69,81,1,261,2,6041,25,13,85,612
836,70,10,1,209,12,718,28,19,82,36
837,70,90,0.732357872,261,0,6561,25,11,41,812
838,70,33,1,208,12,2377,37,18,53,141
839,70,67,1,234,3,4845,29,14,57,412
840,70,37,1,182,9,2696,43,17,78,188
841,70,62,0.968406593,212,12,4368,36,18,50,369
842,70,26,-1,184,14,1855,42,19,7,122
843,70,54,0.812819822,214,20,3713,35,20,44,254
844,70,16,0.354221062,169,5,1149,44,16,30,62
845,70,53,-1,178,0,3847,45,12,4,304
846,70,8,1,150,11,567,42,18,86,26
847,70,20,1,225,20,1411,29,20,94,88
848,70,59,-0.843123378,229,5,4239,31,15,12,312
849,70,70,1,185,3,5076,43,14,58,428
850,70,98,0.121767241,207,5,7424,38,15,24,1465
851,70,22,1,177,0,1624,44,12,74,97
852,71,99,1,235,4,7503,29,14,52,1671
853,71,73,1,265,2,5131,24,13,66,489
854,71,28,-1,209,20,1919,36,20,7,117
855,71,86,1,244,2,6028,28,13,55,691
856,71,50,0.637353194,173,5,3491,46,16,38,242
857,71,97,1,168,0,7083,49,11,69,1262
858,71,6,-0.752358491,148,0,424,40,12,13,21
859,71,64,0.933287951,173,9,4407,46,17,48,389
860,71,37,0.047637051,217,5,2645,34,16,22,161
861,71,9,1,225,3,639,24,15,89,38
862,71,93,0.357369136,244,0,6629,28,10,30,964
863,71,44,0.84125964,240,3,3112,28,14,45,215
864,71,84,1,207,9,5764,38,17,94,566
865,71,38,-1,220,2,2724,33,13,4,166
866,71,47,-1,276,14,3199,21,19,4,213
867,71,29,-1,261,5,2060,23,16,7,125
868,71,26,0.076712329,225,9,1825,31,17,23,91
869,71,58,1,180,12,3966,44,18,79,297
870,71,56,0.735465854,246,2,3939,27,13,41,285
871,71,87,1,200,0,6145,40,10,85,739
872,72,20,1,220,0,1377,31,11,60,79
873,72,71,1,189,9,4757,42,17,53,450
874,72,2,1,57,0,133,46,12,97,9
875,72,96,1,275,9,6530,22,17,58,1062
876,72,7,1,148,8,467,41,18,88,21
877,72,49,0.9561063,262,0,3349,24,10,49,235
878,72,15,1,213,2,1014,30,14,69,54
879,72,8,1,141,3,543,45,15,93,33
880,72,62,1,233,9,4150,29,17,77,349
881,72,86,-1,200,0,5881,40,10,7,688
882,72,75,1,185,5,5071,43,16,67,493
883,72,60,0.1445,173,9,4000,46,17,25,317
884,72,44,-0.598814229,261,0,3036,24,11,15,201
885,72,41,-0.765409717,262,14,2758,23,19,13,172
886,72,23,1,229,20,1524,29,20,84,87
887,73,74,0.630226392,214,0,4903,36,12,38,462
888,74,87,1,214,9,5438,36,17,94,613
889,74,96,0.969754855,175,0,6282,46,12,50,1015
890,74,45,1,274,20,2742,21,20,73,179
891,75,48,-0.933583106,183,0,2936,43,11,11,193
892,75,45,0.432598482,210,2,2767,36,13,32,188
893,75,97,1,182,0,6186,44,11,74,1114
894,75,42,0.952841129,262,5,2587,23,15,49,194
895,75,12,0.616643929,176,11,733,39,19,37,33
896,75,4,0.670781893,98,0,243,48,12,39,9
897,75,40,-0.768179992,209,5,2489,37,16,13,179
898,75,38,1,179,9,2346,44,17,60,161
899,75,62,0.635620053,173,5,3790,46,15,38,306
900,75,90,1,182,5,5502,44,15,81,669
901,75,66,0.607660201,167,0,4073,49,11,37,322
902,75,72,1,180,0,4454,45,10,93,398
903,75,97,0.048011639,167,0,6186,50,11,22,1080
904,75,8,1,134,0,499,46,11,78,34
905,76,6,1,159,0,357,30,12,63,16
906,76,84,-1,182,5,4941,44,16,9,525
907,76,78,1,213,16,4493,37,19,56,421
908,76,36,-0.109807602,212,12,2131,35,18,20,119
909,76,33,0.891891892,273,0,1998,21,11,47,107
910,76,27,1,229,5,1607,29,16,68,105
911,76,60,-0.592474674,259,12,3455,25,18,15,264
912,76,2,1,81,0,114,21,10,62,8
913,76,72,0.359542697,200,0,4286,40,12,30,375
914,76,82,1,275,3,4862,22,14,88,509
915,76,35,0.928149606,216,20,2032,34,20,48,125
916,77,81,0.896588715,261,0,4661,25,10,47,476
917,77,39,-1,256,3,2236,25,14,7,128
918,77,67,1,223,5,3782,33,16,70,319
919,77,15,1,242,0,863,24,10,80,44
920,77,85,0.050869565,224,21,4600,33,20,22,489
921,77,42,1,231,3,2402,29,14,84,160
922,77,60,-1,277,0,3419,21,10,4,246
923,77,6,1,135,2,348,40,16,98,23
924,77,2,1,60,0,112,37,16,77,4
925,77,59,1,173,0,3370,46,12,58,263
926,77,51,1,276,20,2747,21,20,64,205
927,77,53,1,221,9,2954,33,17,68,181
928,77,28,-0.443069307,230,5,1616,29,15,17,103
929,77,88,0.517263026,203,21,4779,39,20,34,509
930,78,79,1,253,0,4365,26,11,83,432
931,78,43,1,217,14,2298,34,19,51,134
932,78,94,1,180,3,5204,45,14,92,800
933,78,70,0.690654931,185,0,3863,43,11,40,315
934,78,89,0.047511312,265,5,4862,24,15,22,624
935,78,3,-0.572289157,95,7,166,32,20,15,10
936,78,85,0.957519846,189,2,4661,42,13,49,487
937,78,20,1,170,5,1103,45,16,66,58
938,78,98,-0.421496698,235,15,5452,29,19,17,996
939,78,25,-0.516175413,210,2,1391,35,13,16,75
940,78,31,-0.523895947,170,20,1653,46,20,16,89
941,78,68,1,216,5,3704,35,15,88,304
942,78,4,0.609090909,115,1,220,36,15,37,11
943,78,99,1,207,0,5910,38,10,92,1285
944,78,65,1,278,5,3532,21,15,90,301
945,78,34,1,209,2,1900,36,13,54,115
946,78,90,0.121388443,180,0,4984,45,12,24,671
947,78,21,-1,224,3,1165,29,14,6,47
948,79,77,1,249,5,4030,27,15,68,362
949,79,77,0.074128984,249,3,4047,27,14,23,368
950,79,21,0.955696203,205,9,1106,35,17,50,56
951,79,100,-1,185,9,5857,43,17,8,1454
952,79,31,-1,215,5,1649,34,16,6,91
953,79,65,-0.102004717,248,5,3392,27,16,20,271
954,79,46,1,168,12,2359,47,18,80,144
955,79,65,1,169,0,3424,47,10,92,270
956,79,73,1,194,3,3833,41,14,72,314
957,79,86,1,244,0,4554,28,11,99,531
958,79,24,0.957680251,235,0,1276,28,11,50,74
959,79,61,1,183,12,3136,43,18,77,234
960,79,84,1,265,0,4442,24,10,65,477
961,79,51,0.276483847,232,2,2662,29,13,28,169
962,79,13,0.882615156,183,9,673,35,18,47,35
963,79,41,1,190,0,2191,41,12,86,138
964,79,55,-0.100968188,166,0,2892,49,11,20,208
965,79,67,-0.186803519,181,14,3410,44,19,19,265
966,80,7,1,191,2,359,22,14,76,14
967,80,10,0.635673624,133,2,527,49,14,38,37
968,80,26,1,161,5,1310,50,16,72,82
969,80,74,-0.849973162,214,0,3726,36,12,12,327
970,80,71,1,267,14,3462,23,19,99,312
971,80,16,0.436183395,197,0,807,34,10,32,26
972,80,17,1,164,13,836,45,19,77,32
973,81,74,0.966364434,213,15,3419,37,19,50,298
974,81,10,1,191,0,504,28,12,85,29
975,82,82,-0.933258553,207,21,3566,38,20,11,323
976,83,58,1,215,0,2494,35,11,57,214
977,83,74,1,261,0,3199,25,11,86,295
978,83,45,1,186,0,1932,42,10,85,113
979,83,17,0.428376535,215,2,733,28,14,32,39
980,83,82,1,170,2,3540,47,13,52,398
981,83,68,-1,252,19,2791,26,20,6,230
982,83,88,1,231,5,3795,31,16,77,473
983,83,15,1,231,8,641,23,18,80,29
984,83,26,1,197,7,1124,38,17,92,55
985,83,50,0.833645736,272,0,2134,22,11,45,131
986,83,80,-0.65721957,253,15,3352,26,19,14,302
987,83,21,-1,230,4,910,27,15,2,56
988,84,43,1,203,12,1709,38,19,57,111
989,84,78,-0.933333333,213,20,3030,37,20,11,290
990,84,19,1,165,0,787,43,10,67,39
991,84,93,1,175,14,3726,46,19,94,508
992,84,24,1,158,0,988,49,10,74,43
993,85,24,0.873239437,186,12,923,39,19,47,45
994,85,93,1,182,0,3642,44,11,99,515
995,85,37,0.665055249,237,4,1448,28,16,39,93
996,85,86,1,182,3,3299,44,14,67,325
997,85,91,-1,261,11,3432,25,18,5,409
998,85,96,1,267,4,3748,23,16,52,575
999,85,44,1,165,10,1665,48,18,70,108
1000,85,91,1,227,4,3493,32,15,70,461
1001,85,7,0.8113879,153,0,281,27,10,45,16
1002,85,59,-0.417040359,233,7,2230,29,17,17,158
1003,85,70,0,265,12,2606,24,19,21,183
1004,85,67,-0.601288764,260,12,2483,25,19,15,209
1005,85,51,1,210,0,1940,36,10,84,129
1006,85,99,1,189,2,4124,42,13,66,909
1007,85,77,1,168,13,2863,49,19,59,268
1008,85,86,0.778779681,170,0,3327,47,12,42,367
1009,85,10,-1,152,8,404,38,19,2,21
1010,85,33,-1,255,7,1276,24,17,10,73
1011,85,33,1,215,4,1284,33,15,93,72
1012,86,87,-1,213,7,3098,37,17,2,366
1013,86,37,1,167,17,1307,47,20,76,67
1014,86,35,-1,218,4,1280,32,15,4,71
1015,86,46,0.042021924,203,0,1642,38,10,22,109
1016,86,37,1,179,3,1354,44,14,93,75
1017,86,26,0.911485774,239,3,949,26,14,48,59
1018,86,100,0.838015692,276,15,3951,22,19,45,971
1019,86,57,1,205,12,2000,38,19,93,143
1020,87,55,-0.508686211,263,2,1842,23,13,16,129
1021,87,44,0.851306095,254,0,1493,25,12,46,101
1022,87,63,1,201,12,2065,39,19,94,138
1023,87,80,0.80756396,244,0,2697,28,11,44,244
1024,87,20,0.531024531,252,0,693,21,10,35,28
1025,88,95,1,275,11,2956,22,18,70,434
1026,88,75,1,231,0,2355,31,10,80,210
1027,88,13,-1,199,3,426,23,17,5,14
1028,88,70,0.857993587,213,3,2183,37,14,46,186
1029,88,37,0.592982456,214,17,1140,34,20,37,78
1030,88,54,1,229,0,1684,30,12,73,100
1031,88,50,1,270,0,1548,22,10,92,108
1032,88,62,-1,247,0,1954,27,12,3,133
1033,88,76,1,265,4,2358,24,16,58,198
1034,88,3,-0.479166667,47,2,96,49,18,16,8
1035,88,51,1,209,10,1536,37,18,88,106
1036,88,57,1,212,10,1744,36,18,84,108
1037,88,70,1,180,17,2092,45,20,77,172
1038,88,13,1,126,0,427,47,12,67,19
1039,88,53,1,263,0,1639,23,10,54,120
1040,89,74,1,168,3,2118,49,14,83,190
1041,89,17,1,208,2,499,25,16,75,29
1042,89,75,1,217,2,2154,35,13,91,170
1043,89,83,0.046521375,200,3,2386,40,14,22,250
1044,90,44,1,164,2,1157,49,13,63,60
1045,90,73,1,224,1,1923,33,12,74,177
1046,90,51,1,229,4,1308,30,16,73,84
1047,90,14,0.688829787,128,0,376,44,10,40,15
1048,90,51,1,248,4,1308,26,15,89,73
1049,91,60,1,180,4,1413,44,16,93,106
1050,91,40,1,224,0,959,31,11,59,46
1051,91,62,1,183,0,1477,43,10,56,103
1052,91,21,0.943434343,174,2,495,36,13,50,24
1053,91,87,1,261,0,2083,25,10,88,250
1054,91,32,0.064729194,242,4,757,25,16,23,32
1055,91,93,0.146496815,200,11,2198,40,18,25,300
1056,91,54,1,263,17,1218,23,20,65,94
1057,92,21,-1,184,2,448,30,16,3,18
1058,92,69,0.406464924,259,2,1454,25,13,32,108
1059,92,36,1,236,3,778,27,14,55,34
1060,92,23,-1,163,2,491,40,16,5,27
1061,92,23,0.590163934,176,5,488,36,17,37,19
1062,92,62,-0.619664634,183,4,1312,43,16,15,96
1063,92,67,1,167,10,1377,49,18,96,95
1064,92,50,0.446183953,273,12,1022,21,19,33,69
1065,92,15,1,194,2,333,21,15,51,14
1066,92,95,-1,253,0,2071,26,12,9,309
1067,92,17,1,184,5,368,26,17,73,19
1068,92,21,0.762222222,134,1,450,49,14,43,31
1069,92,12,1,103,3,271,50,17,65,9
1070,92,2,1,19,0,38,44,15,52,0
1071,92,20,0.254716981,147,5,424,42,17,28,26
1072,93,27,1,229,9,507,21,18,75,27
1073,93,8,0.556886228,108,0,167,27,12,38,8
1074,93,62,-1,261,12,1135,24,19,9,86
1075,93,28,0.52141527,158,0,537,42,11,35,35
1076,93,79,0.726279863,205,0,1465,38,11,41,134
1077,93,33,1,187,12,617,37,19,64,34
1078,93,7,1,87,0,146,35,10,93,9
1079,93,11,1,138,0,231,27,11,79,10
1080,93,1,0.25,9,1,20,43,20,27,2
1081,93,56,-1,221,3,1043,32,14,10,61
1082,93,1,1,15,0,20,22,19,53,0
1083,93,64,0.106722689,257,0,1190,25,12,24,106
1084,93,5,-0.445544554,73,1,101,28,16,16,1
1085,93,59,1,167,0,1100,47,12,89,74
1086,94,79,-0.670086819,246,3,1267,26,14,14,118
1087,94,8,1,72,3,142,43,17,90,3
1088,94,61,-0.440913605,240,0,1007,27,12,17,78
1089,94,16,0.327205882,122,1,272,40,14,30,14
1090,94,10,0.846994536,105,6,183,36,19,46,8
1091,94,100,1,276,0,1823,22,12,68,449
1092,94,50,0.137376238,161,0,808,48,12,25,53
1093,94,55,0.265168539,220,4,890,31,15,28,67
1094,95,13,1,100,0,192,39,12,100,11
1095,95,78,1,271,12,1029,21,19,100,99
1096,95,11,0,76,1,169,48,13,21,3
1097,95,60,-0.770186335,160,9,805,47,18,13,54
1098,95,97,1,167,17,1285,47,20,91,198
1099,96,48,-0.341796875,192,9,512,33,19,18,34
1100,96,62,1,215,3,693,29,14,55,43
1101,96,26,1,102,6,276,50,19,97,19
1102,96,90,1,160,10,957,50,18,75,113
1103,96,98,-0.335426009,179,0,1115,43,12,18,193
1104,96,35,1,187,4,385,28,16,69,16
1105,96,32,1,131,0,350,43,12,64,20
1106,96,95,0.689254598,173,3,1033,44,14,40,134
1107,96,74,1,221,4,803,29,16,88,65
1108,96,54,1,150,9,587,48,18,68,34
1109,96,85,0.962922574,232,3,917,28,14,50,93
1110,97,50,0.074162679,213,3,418,24,14,23,29
1111,97,63,-0.83992467,154,7,531,45,17,12,57
1112,97,50,0.419902913,146,8,412,43,18,32,18
1113,97,30,0.859437751,164,0,249,21,10,47,16
1114,97,6,1,46,1,56,23,13,76,5
1115,97,48,1,188,4,397,28,15,53,31
1116,97,35,0.739583333,148,11,288,34,20,41,13
1117,97,6,1,34,0,56,46,10,82,5
1118,97,69,0.169779287,227,0,589,26,12,26,34
1119,97,83,1,164,2,683,45,13,75,67
1120,97,63,1,243,0,540,21,12,56,46
1121,97,19,1,83,8,156,41,20,65,8
1122,98,27,1,67,3,151,45,16,56,9
1123,98,64,-1,142,8,369,44,18,9,21
1124,98,59,-1,130,0,349,47,12,1,23
1125,98,11,-1,41,5,66,37,20,5,0
1126,98,68,1,210,8,389,26,18,79,25
1127,98,88,0.967145791,176,4,487,39,15,50,58
1128,98,89,0.800821355,245,7,487,22,17,44,51
1129,98,55,0.221518987,197,10,316,25,19,27,16
1130,98,83,0.596529284,192,3,461,34,14,37,33
1131,98,13,1,40,4,78,42,19,62,5
1132,98,83,0.497816594,147,7,458,47,17,34,34
1133,98,59,1,175,8,344,32,18,62,16
1134,98,91,1,220,2,501,27,13,100,57
1135,98,8,0.854166667,39,1,48,25,15,47,1
1136,98,91,1,245,4,499,22,16,51,56
1137,98,60,0.331428571,182,4,350,29,15,30,28
1138,98,38,1,148,8,213,25,19,84,11
1139,98,63,1,132,4,364,49,16,64,22
1140,98,35,1,109,4,198,35,16,57,14
1141,99,100,1,233,9,309,30,17,77,78
1142,99,57,1,107,3,167,38,14,64,14
1143,99,85,1,132,3,237,46,14,68,20
1144,99,15,0.162162162,32,0,37,22,12,25,4
1145,99,8,0.263157895,9,0,19,37,12,28,1
1146,99,32,1,47,6,86,41,19,53,10
1147,99,16,0.9,30,0,40,27,12,44,2
1148,99,17,0.414634146,35,4,41,21,19,30,1
1149,99,67,1,127,10,192,38,20,68,10
1150,99,72,1,179,6,203,24,18,73,16
1151,99,94,1,182,0,257,35,10,94,29
1152,99,24,0.459016393,39,4,61,34,18,32,4
1153,99,90,1,160,6,249,40,17,60,24
1154,99,77,0.36744186,136,0,215,40,10,31,14
1155,99,16,0,28,1,40,30,13,21,1
1156,99,6,-1,6,1,14,49,13,3,1
1157,99,56,1,116,4,165,33,16,61,14
1158,99,61,1,151,4,178,25,15,74,14
1159,100,92,0,0,0,0,23,18,29,0
1160,100,93,0,0,0,0,49,20,3,0
1161,100,5,0,0,0,0,33,19,96,0
1162,100,99,0,0,0,0,43,13,48,0
1163,100,66,0,0,0,0,48,16,63,0
1164,100,76,0,0,0,0,24,15,60,0
1165,100,67,0,0,0,0,35,19,95,0
1166,100,80,0,0,0,0,29,19,38,0
1167,100,79,0,0,0,0,44,15,83,0
1168,100,20,0,0,0,0,28,20,98,0
1169,100,87,0,0,0,0,36,14,1,0
1170,100,97,0,0,0,0,34,20,77,0
1171,100,27,0,0,0,0,46,16,98,0
1172,100,36,0,0,0,0,46,19,41,0
