WorkerID,Entry_date,Ability,Reputation,Like_list_len,Block_list_len,ratings,mid_thres,low_thre,Quality,Tasks
0,0,30,0,0,0,0,33,13,72,0
1,0,20,0,0,0,0,25,16,79,0
2,0,37,0,0,0,0,22,10,86,0
3,0,16,0,0,0,0,41,17,97,0
4,0,32,0,0,0,0,27,13,18,0
5,0,74,0,0,0,0,34,14,14,0
6,0,78,0,0,0,0,21,19,52,0
7,0,94,0,0,0,0,39,11,77,0
8,0,100,0,0,0,0,23,12,28,0
9,0,97,0,0,0,0,44,19,37,0
10,0,98,0,0,0,0,37,13,45,0
11,0,83,0,0,0,0,44,16,71,0
12,0,63,0,0,0,0,34,17,38,0
13,0,54,0,0,0,0,30,14,45,0
14,0,6,0,0,0,0,21,19,24,0
15,0,74,0,0,0,0,30,16,8,0
16,0,54,0,0,0,0,35,11,25,0
17,0,28,0,0,0,0,29,19,36,0
18,0,84,0,0,0,0,24,10,92,0
19,0,18,0,0,0,0,37,15,50,0
20,0,83,0,0,0,0,34,14,59,0
21,0,49,0,0,0,0,28,15,39,0
22,0,73,0,0,0,0,22,20,92,0
23,0,29,0,0,0,0,49,12,30,0
24,0,11,0,0,0,0,42,20,49,0
25,0,84,0,0,0,0,24,17,37,0
26,0,64,0,0,0,0,38,12,1,0
27,0,75,0,0,0,0,40,14,3,0
28,0,23,0,0,0,0,24,12,60,0
29,0,76,0,0,0,0,46,11,75,0
30,0,40,0,0,0,0,38,17,33,0
31,0,43,0,0,0,0,30,11,40,0
32,0,50,0,0,0,0,50,12,89,0
33,0,77,0,0,0,0,50,15,27,0
34,0,81,0,0,0,0,26,11,12,0
35,0,57,0,0,0,0,28,14,6,0
36,0,37,0,0,0,0,32,15,59,0
37,0,15,0,0,0,0,37,20,44,0
38,0,12,0,0,0,0,24,18,79,0
39,0,18,0,0,0,0,22,10,4,0
40,0,12,0,0,0,0,47,19,98,0
41,0,97,0,0,0,0,48,13,7,0
42,0,74,0,0,0,0,24,18,100,0
43,0,59,0,0,0,0,45,15,62,0
44,0,78,0,0,0,0,49,19,38,0
45,0,51,0,0,0,0,22,12,71,0
46,0,84,0,0,0,0,42,20,99,0
47,0,12,0,0,0,0,35,18,39,0
48,0,10,0,0,0,0,21,17,20,0
49,0,80,0,0,0,0,33,17,26,0
50,0,90,0,0,0,0,30,11,23,0
51,0,68,0,0,0,0,41,13,70,0
52,0,45,0,0,0,0,33,16,14,0
53,0,94,0,0,0,0,38,14,31,0
54,0,73,0,0,0,0,29,14,64,0
55,0,51,0,0,0,0,36,11,49,0
56,0,9,0,0,0,0,48,20,14,0
57,0,94,0,0,0,0,24,19,63,0
58,0,58,0,0,0,0,28,16,10,0
59,0,14,0,0,0,0,37,13,20,0
60,0,12,0,0,0,0,29,18,73,0
61,0,6,0,0,0,0,25,10,77,0
62,0,4,0,0,0,0,31,20,60,0
63,0,1,0,0,0,0,43,11,69,0
64,0,9,0,0,0,0,42,17,91,0
65,0,88,0,0,0,0,33,20,49,0
66,0,78,0,0,0,0,46,14,89,0
67,0,56,0,0,0,0,39,10,16,0
68,0,60,0,0,0,0,38,16,50,0
69,0,80,0,0,0,0,28,13,63,0
70,0,40,0,0,0,0,28,13,17,0
71,0,26,0,0,0,0,36,19,83,0
72,0,6,0,0,0,0,37,20,61,0
73,0,56,0,0,0,0,32,15,54,0
74,0,73,0,0,0,0,39,19,26,0
75,0,94,0,0,0,0,28,19,46,0
76,0,65,0,0,0,0,34,18,34,0
77,0,72,0,0,0,0,36,19,51,0
78,0,16,0,0,0,0,25,12,56,0
79,0,48,0,0,0,0,21,15,50,0
80,0,29,0,0,0,0,29,15,50,0
81,0,56,0,0,0,0,43,12,54,0
82,0,31,0,0,0,0,27,20,38,0
83,0,8,0,0,0,0,36,18,31,0
84,0,1,0,0,0,0,44,13,74,0
85,0,19,0,0,0,0,34,20,99,0
86,0,41,0,0,0,0,41,15,81,0
87,0,60,0,0,0,0,38,19,20,0
88,0,43,0,0,0,0,31,16,56,0
89,0,54,0,0,0,0,45,18,69,0
90,0,57,0,0,0,0,22,18,11,0
91,0,99,0,0,0,0,50,18,91,0
92,0,63,0,0,0,0,50,20,51,0
93,0,62,0,0,0,0,28,11,54,0
94,0,68,0,0,0,0,34,18,31,0
95,0,69,0,0,0,0,45,20,11,0
96,0,55,0,0,0,0,32,16,20,0
97,0,76,0,0,0,0,41,18,64,0
98,0,99,0,0,0,0,22,14,45,0
99,0,78,0,0,0,0,35,12,42,0
100,1,64,0,0,0,0,23,20,56,0
101,1,82,0,0,0,0,31,15,68,0
102,1,3,0,0,0,0,43,20,61,0
103,1,32,0,0,0,0,33,16,29,0
104,1,31,0,0,0,0,48,10,70,0
105,1,58,0,0,0,0,24,15,48,0
106,1,69,0,0,0,0,44,15,14,0
107,1,35,0,0,0,0,24,14,39,0
108,1,57,0,0,0,0,33,11,15,0
109,1,10,0,0,0,0,27,15,83,0
110,1,57,0,0,0,0,49,16,47,0
111,1,90,0,0,0,0,43,19,43,0
112,1,90,0,0,0,0,29,11,69,0
113,2,21,0,0,0,0,46,17,4,0
114,2,31,0,0,0,0,35,16,37,0
115,2,24,0,0,0,0,44,16,83,0
116,2,86,0,0,0,0,39,11,4,0
117,2,86,0,0,0,0,44,18,84,0
118,2,72,0,0,0,0,26,20,92,0
119,2,74,0,0,0,0,29,12,5,0
120,2,57,0,0,0,0,50,11,19,0
121,2,83,0,0,0,0,25,14,14,0
122,2,43,0,0,0,0,43,11,70,0
123,2,94,0,0,0,0,34,11,58,0
124,2,22,0,0,0,0,46,15,99,0
125,3,68,0,0,0,0,22,20,45,0
126,3,83,0,0,0,0,28,10,99,0
127,3,87,0,0,0,0,39,12,58,0
128,3,49,0,0,0,0,33,19,52,0
129,3,86,0,0,0,0,37,15,13,0
130,3,12,0,0,0,0,43,12,85,0
131,3,35,0,0,0,0,48,16,80,0
132,3,31,0,0,0,0,45,20,14,0
133,3,6,0,0,0,0,26,15,53,0
134,3,66,0,0,0,0,48,10,88,0
135,4,65,0,0,0,0,30,11,18,0
136,4,60,0,0,0,0,31,20,85,0
137,4,89,0,0,0,0,28,19,98,0
138,4,9,0,0,0,0,26,14,67,0
139,4,80,0,0,0,0,39,13,43,0
140,4,27,0,0,0,0,50,20,2,0
141,4,48,0,0,0,0,37,12,47,0
142,4,27,0,0,0,0,24,12,21,0
143,4,58,0,0,0,0,21,17,84,0
144,4,24,0,0,0,0,22,12,23,0
145,4,45,0,0,0,0,35,10,10,0
146,4,89,0,0,0,0,44,12,41,0
147,4,85,0,0,0,0,35,19,100,0
148,4,31,0,0,0,0,22,18,35,0
149,5,17,0,0,0,0,47,16,80,0
150,5,10,0,0,0,0,37,10,99,0
151,5,69,0,0,0,0,30,18,74,0
152,5,34,0,0,0,0,24,15,76,0
153,5,93,0,0,0,0,44,20,86,0
154,5,43,0,0,0,0,47,10,42,0
155,5,45,0,0,0,0,25,17,8,0
156,5,95,0,0,0,0,43,10,24,0
157,5,88,0,0,0,0,43,14,76,0
158,5,98,0,0,0,0,22,12,94,0
159,5,84,0,0,0,0,21,19,20,0
160,5,72,0,0,0,0,38,18,90,0
161,5,93,0,0,0,0,50,15,11,0
162,5,20,0,0,0,0,44,20,55,0
163,5,18,0,0,0,0,24,20,95,0
164,6,80,0,0,0,0,30,18,100,0
165,6,70,0,0,0,0,22,11,20,0
166,6,1,0,0,0,0,41,18,94,0
167,6,92,0,0,0,0,42,18,74,0
168,6,91,0,0,0,0,23,13,90,0
169,6,62,0,0,0,0,30,16,5,0
170,6,2,0,0,0,0,22,12,76,0
171,6,33,0,0,0,0,21,16,50,0
172,6,22,0,0,0,0,27,16,49,0
173,6,10,0,0,0,0,32,16,4,0
174,6,52,0,0,0,0,42,18,86,0
175,6,43,0,0,0,0,46,10,52,0
176,6,51,0,0,0,0,40,14,51,0
177,6,79,0,0,0,0,37,15,45,0
178,7,81,0,0,0,0,21,14,61,0
179,7,55,0,0,0,0,46,12,44,0
180,7,14,0,0,0,0,22,14,21,0
181,7,24,0,0,0,0,33,15,27,0
182,7,1,0,0,0,0,46,16,15,0
183,7,63,0,0,0,0,46,11,2,0
184,7,8,0,0,0,0,48,14,4,0
185,7,69,0,0,0,0,33,12,73,0
186,7,81,0,0,0,0,25,17,87,0
187,7,59,0,0,0,0,37,14,50,0
188,7,89,0,0,0,0,45,20,36,0
189,7,33,0,0,0,0,36,14,95,0
190,7,45,0,0,0,0,50,20,47,0
191,8,2,0,0,0,0,49,15,62,0
192,8,82,0,0,0,0,27,19,52,0
193,8,78,0,0,0,0,45,18,15,0
194,9,26,0,0,0,0,45,20,4,0
195,9,18,0,0,0,0,23,12,94,0
196,9,57,0,0,0,0,27,15,5,0
197,9,1,0,0,0,0,22,10,54,0
198,9,32,0,0,0,0,47,15,40,0
199,9,61,0,0,0,0,22,12,56,0
200,9,44,0,0,0,0,42,14,98,0
201,9,39,0,0,0,0,27,13,22,0
202,9,70,0,0,0,0,42,19,56,0
203,9,4,0,0,0,0,43,10,65,0
204,9,27,0,0,0,0,26,16,23,0
205,9,39,0,0,0,0,35,19,21,0
206,9,7,0,0,0,0,23,12,96,0
207,9,94,0,0,0,0,21,19,67,0
208,9,26,0,0,0,0,23,20,32,0
209,9,37,0,0,0,0,34,12,84,0
210,10,13,0,0,0,0,49,15,44,0
211,10,99,0,0,0,0,44,19,89,0
212,10,57,0,0,0,0,39,18,9,0
213,10,6,0,0,0,0,22,17,89,0
214,10,87,0,0,0,0,31,10,60,0
215,10,23,0,0,0,0,38,13,85,0
216,10,51,0,0,0,0,21,18,27,0
217,10,35,0,0,0,0,25,10,50,0
218,10,60,0,0,0,0,27,16,21,0
219,11,12,0,0,0,0,43,20,94,0
220,11,86,0,0,0,0,33,19,2,0
221,11,88,0,0,0,0,21,20,24,0
222,11,56,0,0,0,0,35,15,55,0
223,11,48,0,0,0,0,31,15,88,0
224,11,20,0,0,0,0,45,16,2,0
225,11,84,0,0,0,0,34,15,68,0
226,11,90,0,0,0,0,27,16,13,0
227,11,42,0,0,0,0,33,12,27,0
228,11,4,0,0,0,0,36,19,69,0
229,11,17,0,0,0,0,32,15,20,0
230,11,15,0,0,0,0,34,11,2,0
231,11,84,0,0,0,0,21,15,15,0
232,11,84,0,0,0,0,43,19,58,0
233,11,11,0,0,0,0,42,13,67,0
234,11,47,0,0,0,0,33,16,17,0
235,11,87,0,0,0,0,45,13,81,0
236,11,24,0,0,0,0,29,11,21,0
237,11,85,0,0,0,0,45,13,97,0
238,11,18,-0.289211418,82,10,10335,23,11,17,4152
239,12,56,0.6625387,21,2,1292,42,15,39,729
240,13,48,0,0,0,0,30,17,98,0
241,13,78,0,0,0,0,31,10,81,0
242,13,22,0.908653846,37,5,624,22,15,44,349
243,14,48,0,0,0,0,46,17,61,0
244,14,43,0,0,0,0,26,13,58,0
245,14,66,0,0,0,0,33,18,78,0
246,14,5,0,0,0,0,41,15,40,0
247,14,33,0,0,0,0,48,19,97,0
248,14,75,0,0,0,0,33,18,24,0
249,14,37,0,0,0,0,33,18,66,0
250,14,72,0,0,0,0,48,16,45,0
251,14,44,0,0,0,0,26,18,13,0
252,14,74,0,0,0,0,21,19,88,0
253,14,49,0,0,0,0,28,20,79,0
254,14,45,0.690508941,33,3,727,38,16,46,287
255,15,60,0,0,0,0,48,12,37,0
256,15,17,0.79558011,37,5,362,22,20,42,172
257,16,51,0,0,0,0,31,19,19,0
258,16,52,0,0,0,0,41,16,22,0
259,16,57,0,0,0,0,45,17,41,0
260,16,5,0,0,0,0,45,14,63,0
261,16,20,0,0,0,0,44,10,79,0
262,16,16,0,0,0,0,47,18,4,0
263,16,75,0,0,0,0,41,12,68,0
264,16,65,0,0,0,0,36,10,51,0
265,16,59,0,0,0,0,34,18,90,0
266,16,95,0,0,0,0,36,11,61,0
267,16,24,0,0,0,0,48,20,41,0
268,16,63,0,0,0,0,46,16,26,0
269,16,15,0,0,0,0,28,16,33,0
270,16,64,0,0,0,0,22,16,29,0
271,16,78,0,0,0,0,47,10,51,0
272,16,34,0,0,0,0,23,18,90,0
273,16,53,0,0,0,0,49,20,25,0
274,16,9,1,40,0,865,36,11,62,391
275,17,86,0,0,0,0,41,12,52,0
276,17,92,0,0,0,0,22,14,59,0
277,17,80,0,0,0,0,24,17,63,0
278,17,78,0,0,0,0,32,20,41,0
279,17,17,0,0,0,0,41,17,75,0
280,17,14,0,0,0,0,42,14,57,0
281,17,52,0,0,0,0,24,16,36,0
282,17,6,0,0,0,0,24,15,3,0
283,17,88,1,58,9,509,49,20,83,293
284,18,65,0,0,0,0,24,13,97,0
285,18,36,0,0,0,0,44,11,86,0
286,18,49,0,0,0,0,50,18,88,0
287,18,23,0,0,0,0,28,15,88,0
288,18,52,0,0,0,0,37,15,22,0
289,18,82,0,0,0,0,27,12,93,0
290,18,55,0,0,0,0,28,12,78,0
291,18,14,0,0,0,0,45,15,70,0
292,18,13,-0.635087719,82,4,285,35,17,14,284
293,19,18,0,0,0,0,28,18,86,0
294,19,21,0,0,0,0,23,18,13,0
295,19,3,0,0,0,0,41,11,71,0
296,19,4,0,0,0,0,49,19,79,0
297,19,81,0,0,0,0,28,12,52,0
298,19,29,0,0,0,0,40,13,67,0
299,19,5,0,0,0,0,47,18,37,0
300,19,42,0,0,0,0,37,12,26,0
301,19,88,0,0,0,0,31,10,25,0
302,19,93,0,0,0,0,27,15,29,0
303,19,25,0,0,0,0,22,10,54,0
304,19,8,0,0,0,0,45,10,80,0
305,19,84,0,0,0,0,31,15,19,0
306,19,52,0,0,0,0,37,19,59,0
307,19,31,1,58,4,521,50,18,72,373
308,20,57,0,0,0,0,37,19,62,0
309,20,10,0,0,0,0,21,14,54,0
310,20,49,0,0,0,0,27,12,73,0
311,20,62,0,0,0,0,32,13,52,0
312,20,98,0,0,0,0,35,15,41,0
313,20,26,0,0,0,0,27,18,8,0
314,20,31,-0.056842105,68,3,950,44,15,19,428
315,21,30,0,0,0,0,27,18,14,0
316,21,50,0,0,0,0,28,10,79,0
317,21,55,1,105,3,1238,21,16,86,477
318,22,72,0,0,0,0,50,11,12,0
319,22,70,0,0,0,0,25,14,94,0
320,22,4,0,0,0,0,41,17,73,0
321,22,23,0,0,0,0,28,11,30,0
322,22,76,0,0,0,0,32,13,92,0
323,22,49,0.340375587,77,1,426,38,13,29,407
324,23,95,0,0,0,0,27,20,63,0
325,23,39,0,0,0,0,35,12,36,0
326,23,53,0,0,0,0,49,15,50,0
327,23,62,0,0,0,0,42,12,3,0
328,23,54,0,0,0,0,50,13,72,0
329,23,42,0,0,0,0,33,10,59,0
330,23,53,0,0,0,0,29,20,80,0
331,23,19,0,0,0,0,43,20,92,0
332,23,6,0,0,0,0,21,16,93,0
333,23,50,0,0,0,0,21,16,30,0
334,23,57,0,0,0,0,25,13,10,0
335,23,90,0,0,0,0,39,16,93,0
336,23,14,0,0,0,0,21,17,94,0
337,23,77,0,0,0,0,25,20,88,0
338,23,88,0,0,0,0,44,18,64,0
339,23,93,0,0,0,0,39,11,93,0
340,23,21,0,0,0,0,24,11,41,0
341,23,89,-0.661886949,82,5,9624,41,18,13,2380
342,24,45,0,0,0,0,48,19,86,0
343,24,59,-0.149775785,100,0,2230,30,11,19,728
344,25,73,0,0,0,0,39,18,20,0
345,25,90,0,0,0,0,27,14,46,0
346,25,83,0,0,0,0,33,20,40,0
347,25,33,0,0,0,0,49,12,28,0
348,25,60,0,0,0,0,34,11,6,0
349,25,19,0,0,0,0,32,17,11,0
350,25,14,0,0,0,0,30,15,18,0
351,25,60,0,0,0,0,44,13,84,0
352,25,10,0,0,0,0,29,19,2,0
353,25,91,0,0,0,0,35,10,42,0
354,25,5,0,0,0,0,31,14,72,0
355,25,46,0,0,0,0,33,10,19,0
356,25,21,0,0,0,0,26,18,73,0
357,25,1,0,0,0,0,50,16,72,0
358,25,32,0,0,0,0,31,12,87,0
359,25,27,0,0,0,0,25,14,28,0
360,25,91,1,101,10,1928,31,20,77,606
361,26,6,0,0,0,0,32,11,39,0
362,26,60,0.883738602,101,0,1316,32,10,45,583
363,27,59,0,0,0,0,40,13,66,0
364,27,86,0,0,0,0,26,10,82,0
365,27,67,0,0,0,0,38,14,93,0
366,27,68,0,0,0,0,40,18,15,0
367,27,89,0,0,0,0,36,13,65,0
368,27,34,0,0,0,0,39,16,3,0
369,27,58,0,0,0,0,25,11,33,0
370,27,98,0,0,0,0,47,12,88,0
371,27,19,0,0,0,0,31,10,79,0
372,27,37,0,0,0,0,43,13,54,0
373,27,41,0,0,0,0,28,15,4,0
374,27,24,0,0,0,0,39,19,90,0
375,27,33,0,0,0,0,42,18,6,0
376,27,93,0,0,0,0,24,12,92,0
377,27,17,0,0,0,0,47,19,56,0
378,27,84,1,118,1,931,23,13,68,729
379,28,55,0,0,0,0,46,10,90,0
380,28,86,0,0,0,0,32,14,56,0
381,28,42,0.655737705,118,4,1464,25,17,32,739
382,29,97,0,0,0,0,43,14,51,0
383,29,32,0,0,0,0,44,15,34,0
384,29,75,0,0,0,0,36,14,30,0
385,29,45,0,0,0,0,29,16,7,0
386,29,70,0,0,0,0,45,13,22,0
387,29,29,0,0,0,0,29,13,93,0
388,29,5,0,0,0,0,38,18,16,0
389,29,36,0,0,0,0,33,11,77,0
390,29,14,0,0,0,0,41,15,91,0
391,29,58,0,0,0,0,31,17,1,0
392,29,64,0,0,0,0,37,18,2,0
393,29,49,0,0,0,0,24,15,30,0
394,29,56,0,0,0,0,36,17,24,0
395,29,59,0,0,0,0,36,12,61,0
396,29,77,-1,123,4,1103,21,16,7,819
397,30,41,0,0,0,0,35,16,5,0
398,30,47,0,0,0,0,30,16,57,0
399,30,76,0,0,0,0,46,19,19,0
400,30,59,0,0,0,0,32,19,48,0
401,30,77,0,0,0,0,39,14,15,0
402,30,52,0,0,0,0,49,19,58,0
403,30,36,0,0,0,0,24,16,31,0
404,30,51,0,0,0,0,38,20,79,0
405,30,97,1,140,5,1314,22,18,86,794
406,31,74,0,0,0,0,34,16,49,0
407,31,6,0,0,0,0,31,14,14,0
408,31,22,0,0,0,0,38,13,76,0
409,31,62,0,0,0,0,22,18,79,0
410,31,74,0,0,0,0,30,10,17,0
411,31,80,0,0,0,0,27,13,45,0
412,31,67,0,0,0,0,26,11,70,0
413,31,83,0,0,0,0,41,16,46,0
414,31,35,0,0,0,0,28,17,87,0
415,31,44,0,0,0,0,23,15,89,0
416,31,53,0,0,0,0,49,11,45,0
417,31,74,0,0,0,0,23,19,73,0
418,31,24,0,0,0,0,26,18,34,0
419,31,17,0,0,0,0,24,17,27,0
420,31,79,0,0,0,0,45,20,18,0
421,31,68,0,0,0,0,28,13,59,0
422,31,22,0,0,0,0,41,18,35,0
423,31,12,1,111,3,875,34,16,79,819
424,32,43,0,0,0,0,25,10,6,0
425,32,31,0,0,0,0,48,10,38,0
426,32,60,0,0,0,0,38,20,48,0
427,32,54,0,0,0,0,23,14,59,0
428,32,88,0,0,0,0,31,10,87,0
429,32,19,0,0,0,0,44,19,61,0
430,32,16,0,0,0,0,32,14,62,0
431,32,84,0,0,0,0,27,12,77,0
432,32,79,0,0,0,0,47,17,80,0
433,32,92,0,0,0,0,26,20,86,0
434,32,68,0,0,0,0,43,13,50,0
435,32,88,0,0,0,0,48,20,98,0
436,32,48,1,129,7,1294,28,19,59,930
437,33,72,0,0,0,0,36,12,66,0
438,33,75,0,0,0,0,39,18,15,0
439,33,34,0,0,0,0,50,20,68,0
440,33,81,0,0,0,0,41,10,19,0
441,33,42,0,0,0,0,45,11,43,0
442,33,45,0,0,0,0,27,16,6,0
443,33,96,0,0,0,0,26,18,74,0
444,33,77,0,0,0,0,42,16,26,0
445,33,1,0,0,0,0,45,16,97,0
446,33,5,0,0,0,0,21,12,89,0
447,33,20,0,0,0,0,24,13,74,0
448,33,60,0,0,0,0,28,20,44,0
449,33,66,0,0,0,0,26,11,58,0
450,33,14,1,133,11,1154,27,20,93,966
451,34,29,0,0,0,0,47,20,75,0
452,34,93,0,0,0,0,33,20,16,0
453,34,85,0,0,0,0,25,18,27,0
454,34,87,0,0,0,0,30,14,10,0
455,34,19,0,0,0,0,25,12,71,0
456,34,13,0,0,0,0,41,11,98,0
457,34,65,0,0,0,0,32,19,35,0
458,34,27,-0.656609984,131,3,1823,29,15,14,1020
459,35,22,0,0,0,0,36,14,60,0
460,35,55,0,0,0,0,29,16,80,0
461,35,14,0,0,0,0,30,18,53,0
462,35,70,0,0,0,0,45,17,55,0
463,35,83,0,0,0,0,24,19,27,0
464,35,86,0,0,0,0,42,11,90,0
465,35,83,0,0,0,0,47,14,69,0
466,35,5,0,0,0,0,43,16,11,0
467,35,95,0,0,0,0,43,15,1,0
468,35,38,0,0,0,0,21,12,88,0
469,35,87,0,0,0,0,21,19,97,0
470,35,29,0,0,0,0,37,12,88,0
471,35,23,0,0,0,0,37,14,11,0
472,35,10,0,0,0,0,24,14,41,0
473,35,24,0,0,0,0,37,19,19,0
474,35,28,0,0,0,0,28,16,87,0
475,35,31,0,0,0,0,24,13,19,0
476,35,30,0,0,0,0,24,17,85,0
477,35,40,0,0,0,0,39,19,15,0
478,35,77,1,86,0,5230,49,12,93,1407
479,36,47,0,0,0,0,28,15,22,0
480,36,67,1,109,1,1632,37,12,79,1301
481,37,32,0,0,0,0,29,11,94,0
482,37,37,0,0,0,0,21,11,12,0
483,37,57,0,0,0,0,34,19,68,0
484,37,31,0,0,0,0,21,17,37,0
485,37,36,0,0,0,0,47,14,34,0
486,37,57,1,104,7,1972,41,19,78,1220
487,38,40,0,0,0,0,41,16,52,0
488,38,12,0,0,0,0,49,10,87,0
489,38,76,0,0,0,0,26,14,79,0
490,38,9,0,0,0,0,22,12,36,0
491,38,76,-1,138,10,1413,30,20,1,1121
492,39,15,0,0,0,0,35,15,62,0
493,39,88,0,0,0,0,36,10,86,0
494,39,36,0,0,0,0,45,19,27,0
495,39,28,0,0,0,0,46,18,85,0
496,39,32,0,0,0,0,28,16,2,0
497,39,42,0,0,0,0,36,14,99,0
498,39,24,0,0,0,0,21,12,8,0
499,39,87,0,0,0,0,38,12,26,0
500,39,72,0,0,0,0,47,17,70,0
501,39,77,0,0,0,0,21,14,74,0
502,39,67,1,102,6,1808,44,16,54,1179
503,40,11,0,0,0,0,22,14,59,0
504,40,100,0,0,0,0,43,13,51,0
505,40,19,0,0,0,0,29,14,13,0
506,40,62,0,0,0,0,26,17,38,0
507,40,84,0,0,0,0,34,13,22,0
508,40,70,0,0,0,0,21,16,16,0
509,40,68,0,0,0,0,45,18,51,0
510,40,6,0,0,0,0,22,10,78,0
511,40,90,0,0,0,0,39,10,78,0
512,40,91,0,0,0,0,33,20,62,0
513,40,35,0,0,0,0,30,12,58,0
514,40,43,0,0,0,0,27,10,65,0
515,40,48,0,0,0,0,26,20,4,0
516,40,87,0,0,0,0,25,13,94,0
517,40,73,1,93,4,2234,47,17,93,1342
518,41,58,0,0,0,0,35,19,74,0
519,41,41,0,0,0,0,23,11,61,0
520,41,22,0,0,0,0,27,19,26,0
521,41,100,0,0,0,0,33,17,66,0
522,41,53,0,0,0,0,40,19,5,0
523,41,6,0,0,0,0,38,11,100,0
524,41,32,0,0,0,0,39,16,53,0
525,41,2,0,0,0,0,27,17,31,0
526,41,11,0,0,0,0,30,14,28,0
527,41,47,0,0,0,0,25,19,10,0
528,41,77,0,0,0,0,38,15,13,0
529,41,38,0,0,0,0,23,18,54,0
530,41,32,0,0,0,0,39,13,99,0
531,41,71,1,144,3,2084,28,16,70,1424
532,42,43,0,0,0,0,39,19,88,0
533,42,77,0,0,0,0,24,17,4,0
534,42,39,0,0,0,0,22,12,93,0
535,42,89,0,0,0,0,34,18,40,0
536,42,15,0,0,0,0,45,17,52,0
537,42,76,0,0,0,0,29,20,8,0
538,42,17,0,0,0,0,46,14,21,0
539,42,84,0,0,0,0,32,15,92,0
540,42,71,0,0,0,0,36,12,54,0
541,42,100,0,0,0,0,50,19,7,0
542,42,12,0,0,0,0,26,16,7,0
543,42,43,0,0,0,0,50,17,32,0
544,42,14,0,0,0,0,37,20,77,0
545,42,99,0,0,0,0,40,11,88,0
546,42,96,0,0,0,0,50,14,27,0
547,42,62,0,0,0,0,32,18,18,0
548,42,44,0,0,0,0,39,16,80,0
549,42,100,0,0,0,0,42,14,9,0
550,42,69,1,96,0,1746,47,12,79,1460
551,43,78,0,0,0,0,27,10,30,0
552,43,36,0,0,0,0,30,16,89,0
553,43,86,0,0,0,0,28,14,80,0
554,43,1,0,0,0,0,31,15,57,0
555,43,8,0,0,0,0,30,16,29,0
556,43,53,0,0,0,0,38,16,34,0
557,43,17,0,0,0,0,29,19,13,0
558,43,5,0,0,0,0,43,20,69,0
559,43,67,0,0,0,0,38,20,13,0
560,43,36,0,0,0,0,37,20,64,0
561,43,94,0,0,0,0,29,11,31,0
562,43,90,0,0,0,0,36,10,47,0
563,43,32,0,0,0,0,27,13,88,0
564,43,59,0,0,0,0,39,19,16,0
565,43,50,0,0,0,0,33,17,17,0
566,43,38,0,0,0,0,24,10,47,0
567,43,77,0,0,0,0,29,20,13,0
568,43,3,0,0,0,0,21,13,71,0
569,43,43,0,0,0,0,24,15,51,0
570,43,4,0.796178344,157,1,2041,25,12,43,1449
571,44,64,0,0,0,0,43,17,49,0
572,44,45,0,0,0,0,31,14,100,0
573,44,87,0,0,0,0,41,16,38,0
574,44,88,0,0,0,0,27,20,44,0
575,44,60,0,0,0,0,24,15,19,0
576,44,41,0,0,0,0,23,19,60,0
577,44,69,0,0,0,0,24,12,39,0
578,44,93,0,0,0,0,50,18,87,0
579,44,72,0,0,0,0,47,18,72,0
580,44,19,0,0,0,0,35,18,12,0
581,44,40,0,0,0,0,32,12,15,0
582,44,99,0,0,0,0,23,10,50,0
583,44,1,1,160,0,1828,24,12,87,1442
584,45,47,0,0,0,0,48,11,64,0
585,45,13,0,0,0,0,29,17,70,0
586,45,3,0,0,0,0,40,14,37,0
587,45,84,0,0,0,0,48,16,78,0
588,45,82,0,0,0,0,49,18,27,0
589,45,62,0,0,0,0,35,16,65,0
590,45,33,0,0,0,0,49,12,98,0
591,45,71,0,0,0,0,40,14,7,0
592,45,99,1,179,5,2365,21,17,52,1822
593,46,46,0,0,0,0,40,15,99,0
594,46,93,0,0,0,0,45,15,80,0
595,46,66,0,0,0,0,27,15,87,0
596,46,33,0,0,0,0,30,13,16,0
597,46,34,0,0,0,0,37,14,46,0
598,46,79,0,0,0,0,26,18,78,0
599,46,89,0,0,0,0,21,17,76,0
600,46,83,0.944645006,120,0,2493,42,12,49,1747
601,47,10,0,0,0,0,38,18,43,0
602,47,74,0,0,0,0,34,17,65,0
603,47,24,0,0,0,0,23,15,5,0
604,47,6,0,0,0,0,41,16,1,0
605,47,50,0,0,0,0,49,20,58,0
606,47,58,0,0,0,0,26,15,92,0
607,47,11,0,0,0,0,26,13,95,0
608,47,92,0,0,0,0,48,18,82,0
609,47,38,0,0,0,0,42,14,73,0
610,47,26,0,0,0,0,42,14,61,0
611,47,65,0,0,0,0,34,14,9,0
612,47,29,0,0,0,0,27,14,43,0
613,47,12,0,0,0,0,40,16,98,0
614,47,29,0,0,0,0,22,17,20,0
615,47,42,0,0,0,0,36,15,98,0
616,47,44,0,0,0,0,32,15,36,0
617,47,84,0,0,0,0,31,10,68,0
618,47,38,1,117,0,2836,45,12,83,1934
619,48,72,0,0,0,0,30,17,34,0
620,48,72,0,0,0,0,22,18,8,0
621,48,77,0,0,0,0,44,10,52,0
622,48,29,0,0,0,0,41,13,80,0
623,48,24,0,0,0,0,31,13,26,0
624,48,80,0,0,0,0,36,12,53,0
625,48,54,0,0,0,0,25,20,95,0
626,48,83,0,0,0,0,21,14,51,0
627,48,29,0,0,0,0,39,19,32,0
628,48,17,0,0,0,0,29,13,88,0
629,48,72,0,0,0,0,48,16,10,0
630,48,67,0,0,0,0,37,17,25,0
631,48,48,0,0,0,0,29,18,46,0
632,48,63,0,0,0,0,41,20,41,0
633,48,7,0,0,0,0,27,20,77,0
634,48,54,0,0,0,0,22,11,46,0
635,48,10,0,0,0,0,34,11,83,0
636,48,93,1,143,14,2537,36,20,84,2045
637,49,27,0,0,0,0,32,20,61,0
638,49,10,0,0,0,0,34,19,51,0
639,49,45,0,0,0,0,37,18,6,0
640,49,82,0,0,0,0,33,10,51,0
641,49,64,0,0,0,0,31,11,81,0
642,49,44,1,146,4,2935,35,16,60,2075
643,50,55,0,0,0,0,44,20,51,0
644,50,56,0,0,0,0,39,19,84,0
645,50,60,0,0,0,0,39,20,53,0
646,50,98,0,0,0,0,25,15,56,0
647,50,87,0,0,0,0,42,11,38,0
648,50,5,0,0,0,0,39,13,73,0
649,50,58,-1,187,7,2352,22,17,6,2020
650,51,100,0,0,0,0,29,13,21,0
651,51,66,0,0,0,0,34,18,97,0
652,51,8,0,0,0,0,36,17,11,0
653,51,5,0,0,0,0,32,11,40,0
654,51,32,0,0,0,0,34,16,67,0
655,51,35,0,0,0,0,34,11,90,0
656,51,65,0,0,0,0,43,10,45,0
657,51,45,0,0,0,0,37,19,38,0
658,51,9,0.796564885,168,4,2620,29,15,44,2047
659,52,84,0,0,0,0,23,18,33,0
660,52,85,0,0,0,0,24,14,64,0
661,52,32,0,0,0,0,22,15,76,0
662,52,55,0,0,0,0,22,12,86,0
663,52,95,0,0,0,0,23,14,98,0
664,52,66,0,0,0,0,32,19,86,0
665,52,62,0,0,0,0,41,13,73,0
666,52,52,0,0,0,0,23,16,17,0
667,52,12,0,0,0,0,26,15,52,0
668,52,26,0,0,0,0,50,18,80,0
669,52,80,0,0,0,0,35,20,86,0
670,52,86,0,0,0,0,27,11,89,0
671,52,41,0,0,0,0,32,18,67,0
672,52,98,0,0,0,0,43,16,26,0
673,52,65,0,0,0,0,37,18,27,0
674,52,9,0,0,0,0,33,20,32,0
675,52,56,0,0,0,0,38,14,21,0
676,52,53,0,0,0,0,48,10,46,0
677,52,40,1,159,1,2526,33,14,93,2169
678,53,40,0,0,0,0,35,13,27,0
679,53,10,0,0,0,0,31,14,95,0
680,53,82,0,0,0,0,27,20,54,0
681,53,36,0,0,0,0,41,10,70,0
682,53,74,0,0,0,0,37,14,85,0
683,53,40,0,0,0,0,31,13,77,0
684,53,82,0,0,0,0,49,14,37,0
685,53,18,0,0,0,0,38,19,1,0
686,53,38,0.780404117,167,0,2623,31,11,43,2170
687,54,60,0,0,0,0,43,17,50,0
688,54,87,0,0,0,0,30,14,18,0
689,54,93,1,149,1,2799,37,14,94,2256
690,55,22,0,0,0,0,23,11,11,0
691,55,2,0,0,0,0,22,14,69,0
692,55,80,0,0,0,0,33,18,39,0
693,55,17,0,0,0,0,46,12,16,0
694,55,77,0,0,0,0,22,19,96,0
695,55,87,0,0,0,0,46,17,13,0
696,55,75,0,0,0,0,24,15,33,0
697,55,2,0,0,0,0,47,15,100,0
698,55,10,0,0,0,0,23,14,58,0
699,55,17,0,0,0,0,21,13,74,0
700,55,49,0,0,0,0,27,15,49,0
701,55,21,0,0,0,0,49,10,93,0
702,55,93,0,0,0,0,49,20,80,0
703,55,53,0,0,0,0,22,11,43,0
704,55,80,0,0,0,0,39,11,73,0
705,55,61,0.806046329,197,4,2547,23,16,44,2212
706,56,76,0,0,0,0,22,14,74,0
707,56,77,0,0,0,0,46,13,26,0
708,56,92,0,0,0,0,39,12,48,0
709,56,29,0,0,0,0,48,15,55,0
710,56,30,0,0,0,0,37,20,14,0
711,56,66,0,0,0,0,32,13,7,0
712,56,89,0,0,0,0,26,19,76,0
713,56,55,0,0,0,0,38,17,68,0
714,56,85,0,0,0,0,37,11,82,0
715,56,57,0,0,0,0,48,19,75,0
716,56,7,0,0,0,0,45,20,51,0
717,56,22,0.602941176,121,7,2584,47,18,38,2199
718,57,5,0,0,0,0,43,18,25,0
719,57,93,0,0,0,0,42,13,4,0
720,57,25,0,0,0,0,48,16,5,0
721,57,99,0,0,0,0,41,15,71,0
722,57,40,0,0,0,0,32,17,57,0
723,57,12,0,0,0,0,25,19,23,0
724,57,55,0,0,0,0,24,17,34,0
725,57,12,0,0,0,0,47,18,22,0
726,57,39,0,0,0,0,21,11,95,0
727,57,51,0,0,0,0,37,16,59,0
728,57,76,0,0,0,0,50,10,93,0
729,57,49,0,0,0,0,21,11,46,0
730,57,39,-1,158,1,2863,36,14,1,2301
731,58,72,0,0,0,0,43,17,69,0
732,58,7,0,0,0,0,40,19,13,0
733,58,6,0,0,0,0,50,11,69,0
734,58,33,0,0,0,0,24,13,61,0
735,58,70,0,0,0,0,31,16,52,0
736,58,89,0,0,0,0,21,18,19,0
737,58,23,0,0,0,0,27,17,97,0
738,58,66,0,0,0,0,34,18,79,0
739,58,49,0,0,0,0,22,16,3,0
740,58,38,0,0,0,0,49,19,54,0
741,58,68,0,0,0,0,22,18,3,0
742,58,99,0,0,0,0,47,14,25,0
743,58,16,0,0,0,0,28,18,55,0
744,58,52,0,0,0,0,24,10,17,0
745,58,62,1,122,2,3288,50,13,90,2298
746,59,77,0,0,0,0,26,18,44,0
747,59,39,0,0,0,0,21,13,41,0
748,59,62,0,0,0,0,26,15,53,0
749,59,73,0,0,0,0,49,15,46,0
750,59,72,0,0,0,0,31,20,19,0
751,59,78,0,0,0,0,45,19,39,0
752,59,9,0,0,0,0,36,15,92,0
753,59,87,0,0,0,0,40,18,13,0
754,59,24,1,182,4,2949,30,15,52,2396
755,60,58,0,0,0,0,42,15,82,0
756,60,85,0,0,0,0,41,10,68,0
757,60,99,0,0,0,0,27,17,22,0
758,60,85,0,0,0,0,41,16,64,0
759,60,35,0,0,0,0,27,13,51,0
760,60,94,0,0,0,0,43,10,90,0
761,60,13,0,0,0,0,26,12,27,0
762,60,1,0,0,0,0,38,20,35,0
763,60,98,0,0,0,0,47,11,7,0
764,60,77,0,0,0,0,30,15,24,0
765,60,43,0,0,0,0,23,15,99,0
766,60,72,0,0,0,0,23,14,77,0
767,60,37,0,0,0,0,46,13,98,0
768,60,56,0,0,0,0,35,16,22,0
769,60,46,0,0,0,0,48,19,68,0
770,60,37,0,0,0,0,43,15,6,0
771,60,31,0,0,0,0,23,10,55,0
772,60,12,0,0,0,0,31,12,96,0
773,60,63,0,0,0,0,40,18,55,0
774,60,93,1,135,0,3732,45,11,68,2736
775,61,33,0,0,0,0,37,18,41,0
776,61,38,0,0,0,0,26,17,21,0
777,61,69,0,0,0,0,40,12,96,0
778,61,41,0,0,0,0,27,12,53,0
779,61,58,0,0,0,0,45,15,51,0
780,61,64,0,0,0,0,31,20,17,0
781,61,80,0,0,0,0,37,17,70,0
782,61,42,0,0,0,0,31,11,22,0
783,61,61,0,0,0,0,43,13,35,0
784,61,95,0,0,0,0,24,15,40,0
785,61,94,0,0,0,0,33,10,81,0
786,61,3,0,0,0,0,33,11,16,0
787,61,100,0,0,0,0,42,16,97,0
788,61,71,0,0,0,0,45,13,13,0
789,61,56,0,0,0,0,30,11,17,0
790,61,4,0.683520599,150,11,3204,42,19,41,2491
791,62,95,0,0,0,0,23,16,39,0
792,62,48,0,0,0,0,39,20,63,0
793,62,78,0,0,0,0,46,10,47,0
794,62,23,0,0,0,0,48,12,85,0
795,62,74,-0.516241299,189,0,3448,32,10,15,2648
796,63,19,0,0,0,0,30,13,80,0
797,63,41,0,0,0,0,26,13,71,0
798,63,83,0,0,0,0,42,15,79,0
799,63,98,0,0,0,0,21,18,9,0
800,63,98,0,0,0,0,23,17,89,0
801,63,25,0,0,0,0,28,18,47,0
802,63,54,0,0,0,0,32,18,55,0
803,63,56,0,0,0,0,41,20,77,0
804,63,41,0,0,0,0,40,19,68,0
805,63,33,0,0,0,0,31,19,93,0
806,63,33,0,0,0,0,38,12,6,0
807,63,29,0,0,0,0,24,14,25,0
808,63,95,0,0,0,0,44,12,96,0
809,63,50,0,0,0,0,29,17,12,0
810,63,75,0,0,0,0,26,17,22,0
811,63,82,1,167,12,3197,38,19,76,2703
812,64,93,0,0,0,0,38,12,2,0
813,64,35,0,0,0,0,22,10,8,0
814,64,12,0,0,0,0,46,15,46,0
815,64,98,0,0,0,0,47,14,64,0
816,64,99,0,0,0,0,33,20,14,0
817,64,81,0,0,0,0,41,12,84,0
818,64,48,0,0,0,0,34,14,10,0
819,64,84,0,0,0,0,26,17,34,0
820,64,35,-0.902795924,185,1,3827,34,14,11,2870
821,65,73,0.461233729,174,9,3534,37,18,34,2852
822,66,33,0,0,0,0,39,19,22,0
823,66,30,0,0,0,0,26,10,18,0
824,66,25,0,0,0,0,26,16,83,0
825,66,59,0,0,0,0,22,18,50,0
826,66,86,0,0,0,0,27,13,15,0
827,66,67,0,0,0,0,48,16,48,0
828,66,6,0,0,0,0,47,19,87,0
829,66,53,0,0,0,0,46,17,63,0
830,66,97,0,0,0,0,50,11,45,0
831,66,50,0,0,0,0,32,18,45,0
832,66,100,0,0,0,0,35,12,40,0
833,66,27,0,0,0,0,23,15,17,0
834,66,16,0,0,0,0,33,12,56,0
835,66,99,0,0,0,0,27,10,28,0
836,66,35,0,0,0,0,22,20,18,0
837,66,93,1,195,13,3740,33,19,54,3051
838,67,44,0,0,0,0,32,15,100,0
839,67,38,0,0,0,0,45,16,86,0
840,67,92,0,0,0,0,33,11,70,0
841,67,22,0,0,0,0,30,20,17,0
842,67,40,0,0,0,0,41,12,62,0
843,67,37,0,0,0,0,26,15,30,0
844,67,64,0,0,0,0,24,13,99,0
845,67,28,0,0,0,0,35,18,1,0
846,67,58,0,0,0,0,21,13,77,0
847,67,11,0,0,0,0,45,17,100,0
848,67,7,0,0,0,0,22,12,74,0
849,67,76,0,0,0,0,22,13,5,0
850,67,35,0,0,0,0,49,15,58,0
851,67,51,0,0,0,0,46,19,99,0
852,67,74,1,203,5,4314,31,15,66,3314
853,68,100,0,0,0,0,32,20,22,0
854,68,60,0,0,0,0,33,15,48,0
855,68,87,0,0,0,0,30,16,4,0
856,68,52,0,0,0,0,38,11,47,0
857,68,59,0,0,0,0,42,16,63,0
858,68,15,0,0,0,0,31,20,8,0
859,68,16,0,0,0,0,37,12,45,0
860,68,38,0,0,0,0,24,18,30,0
861,68,14,0,0,0,0,34,13,46,0
862,68,14,0,0,0,0,43,18,81,0
863,68,68,0,0,0,0,25,11,94,0
864,68,41,0,0,0,0,28,18,9,0
865,68,25,0,0,0,0,42,14,24,0
866,68,51,1,175,2,4196,38,14,97,3599
867,69,48,0,0,0,0,21,16,7,0
868,69,45,0,0,0,0,21,14,17,0
869,69,56,0,0,0,0,44,14,95,0
870,69,48,0,0,0,0,30,15,70,0
871,69,2,0,0,0,0,32,16,49,0
872,69,45,0,0,0,0,32,19,17,0
873,69,70,0,0,0,0,29,13,70,0
874,69,80,0,0,0,0,33,19,18,0
875,69,59,0,0,0,0,48,11,39,0
876,69,40,0,0,0,0,50,14,59,0
877,69,10,0,0,0,0,24,17,81,0
878,69,4,0,0,0,0,22,19,54,0
879,69,48,0,0,0,0,38,20,51,0
880,69,50,0,0,0,0,40,15,58,0
881,69,72,0,0,0,0,35,16,32,0
882,69,11,0,0,0,0,36,15,43,0
883,69,7,1,161,14,4145,44,19,69,3072
884,70,47,0,0,0,0,37,17,86,0
885,70,87,0,0,0,0,43,10,35,0
886,70,21,0,0,0,0,39,19,38,0
887,70,85,0,0,0,0,44,20,64,0
888,70,52,0,0,0,0,45,11,8,0
889,70,63,0,0,0,0,22,16,59,0
890,70,31,0,0,0,0,43,20,91,0
891,70,32,0,0,0,0,23,10,1,0
892,70,40,0,0,0,0,40,13,60,0
893,70,29,0,0,0,0,36,18,90,0
894,70,74,0,0,0,0,30,12,55,0
895,70,71,0,0,0,0,29,18,41,0
896,70,99,0,0,0,0,39,16,35,0
897,70,71,0,0,0,0,38,19,20,0
898,70,100,1,192,14,4148,36,19,51,3451
899,71,1,0,0,0,0,50,20,21,0
900,71,44,0,0,0,0,43,10,1,0
901,71,30,0,0,0,0,22,15,35,0
902,71,21,0,0,0,0,29,13,58,0
903,71,56,0,0,0,0,44,15,86,0
904,71,61,0,0,0,0,41,17,2,0
905,71,84,0,0,0,0,24,13,55,0
906,71,37,0,0,0,0,38,10,25,0
907,71,48,0,0,0,0,26,15,7,0
908,71,32,0,0,0,0,38,18,72,0
909,71,99,0,0,0,0,24,13,38,0
910,71,58,0,0,0,0,35,13,83,0
911,71,58,-1,175,5,4729,42,15,3,3695
912,72,54,0,0,0,0,21,19,92,0
913,72,39,0,0,0,0,43,16,40,0
914,72,41,-1,189,9,4411,38,18,10,3681
915,73,64,0,0,0,0,34,10,26,0
916,73,19,0,0,0,0,22,18,99,0
917,73,25,0,0,0,0,43,17,53,0
918,73,8,0,0,0,0,28,19,72,0
919,73,37,0,0,0,0,46,12,43,0
920,73,89,0,0,0,0,48,14,27,0
921,73,13,0,0,0,0,40,16,62,0
922,73,73,0,0,0,0,23,18,87,0
923,73,82,0,0,0,0,21,14,12,0
924,73,61,0,0,0,0,39,17,59,0
925,73,34,0,0,0,0,23,10,43,0
926,73,64,0,0,0,0,47,19,44,0
927,73,11,0,0,0,0,34,16,56,0
928,73,80,1,183,0,6155,41,11,93,4051
929,74,14,0,0,0,0,22,13,26,0
930,74,94,0,0,0,0,44,19,26,0
931,74,5,0,0,0,0,40,19,13,0
932,74,23,0,0,0,0,41,16,35,0
933,74,27,0,0,0,0,29,11,31,0
934,74,24,0,0,0,0,25,16,41,0
935,74,55,0.301495726,184,14,4680,41,19,28,3826
936,75,26,0,0,0,0,49,15,35,0
937,75,92,0,0,0,0,31,12,79,0
938,75,40,0,0,0,0,48,12,94,0
939,75,68,0,0,0,0,25,13,74,0
940,75,53,0,0,0,0,25,11,12,0
941,75,51,0,0,0,0,46,11,12,0
942,75,100,0,0,0,0,26,10,55,0
943,75,33,0,0,0,0,30,13,68,0
944,75,63,1,216,3,5524,33,13,99,4080
945,76,85,0,0,0,0,37,14,86,0
946,76,92,0,0,0,0,40,14,96,0
947,76,79,0,0,0,0,48,20,52,0
948,76,59,0,0,0,0,39,12,61,0
949,76,87,0,0,0,0,49,10,14,0
950,76,11,0,0,0,0,25,10,96,0
951,76,44,0,0,0,0,34,18,21,0
952,76,17,0,0,0,0,40,19,61,0
953,76,96,0,0,0,0,35,20,59,0
954,76,22,0,0,0,0,26,15,66,0
955,76,45,0,0,0,0,35,11,57,0
956,76,77,-1,236,3,5144,28,14,1,3973
957,77,54,0,0,0,0,23,16,82,0
958,77,49,0,0,0,0,22,15,42,0
959,77,33,0,0,0,0,44,17,67,0
960,77,59,0,0,0,0,50,13,63,0
961,77,93,0,0,0,0,22,18,95,0
962,77,24,-1,160,16,4811,50,19,4,3955
963,78,74,0,0,0,0,45,18,41,0
964,78,73,0,0,0,0,29,15,28,0
965,78,23,0,0,0,0,22,17,78,0
966,78,57,0,0,0,0,38,13,51,0
967,78,44,0,0,0,0,46,19,9,0
968,78,23,0,0,0,0,22,20,23,0
969,78,31,0,0,0,0,49,13,36,0
970,78,52,0,0,0,0,33,19,79,0
971,78,54,0,0,0,0,28,11,90,0
972,78,20,0,0,0,0,31,20,78,0
973,78,88,0,0,0,0,24,17,65,0
974,78,86,0,0,0,0,38,12,65,0
975,78,1,0,0,0,0,37,19,18,0
976,78,85,0,0,0,0,39,13,39,0
977,78,82,0,0,0,0,40,10,67,0
978,78,1,0,0,0,0,50,20,17,0
979,78,35,0,0,0,0,30,14,75,0
980,78,8,1,225,19,4752,32,20,73,3719
981,79,100,0,0,0,0,42,20,100,0
982,79,16,0,0,0,0,37,17,38,0
983,79,28,0,0,0,0,32,19,55,0
984,79,28,0,0,0,0,40,17,100,0
985,79,94,0,0,0,0,34,12,92,0
986,79,25,0,0,0,0,46,15,92,0
987,79,27,0,0,0,0,50,15,71,0
988,79,28,0,0,0,0,44,16,87,0
989,79,91,0,0,0,0,46,19,36,0
990,79,54,0,0,0,0,35,15,16,0
991,79,16,0,0,0,0,39,15,48,0
992,79,65,-1,264,15,4624,22,19,1,3799
993,80,72,0,0,0,0,24,19,31,0
994,80,26,0,0,0,0,35,18,63,0
995,80,6,0,0,0,0,22,13,14,0
996,80,62,0,0,0,0,26,14,20,0
997,80,40,0,0,0,0,46,20,17,0
998,80,40,0,0,0,0,21,11,75,0
999,80,66,0,0,0,0,30,10,29,0
1000,80,62,0,0,0,0,35,19,31,0
1001,80,42,0,0,0,0,45,14,43,0
1002,80,17,0,0,0,0,41,20,96,0
1003,80,55,0,0,0,0,22,16,96,0
1004,80,97,0,0,0,0,39,13,9,0
1005,80,34,0,0,0,0,35,17,2,0
1006,80,71,0,0,0,0,22,13,13,0
1007,80,20,-1,168,2,4980,46,13,7,3878
1008,81,51,0,0,0,0,36,17,93,0
1009,81,82,0,0,0,0,27,17,87,0
1010,81,79,0,0,0,0,31,17,38,0
1011,81,88,-0.379482902,205,15,4796,38,19,17,3834
1012,82,59,0,0,0,0,49,10,36,0
1013,82,71,0,0,0,0,48,16,66,0
1014,82,39,0,0,0,0,47,11,16,0
1015,82,22,0,0,0,0,45,18,40,0
1016,82,76,0,0,0,0,25,14,15,0
1017,82,86,0,0,0,0,41,14,42,0
1018,82,61,0,0,0,0,30,14,40,0
1019,82,72,0,0,0,0,38,17,35,0
1020,82,69,0,0,0,0,37,13,90,0
1021,82,89,0,0,0,0,32,14,56,0
1022,82,54,0,0,0,0,41,10,93,0
1023,82,64,0,0,0,0,49,18,47,0
1024,82,71,0,0,0,0,34,12,68,0
1025,82,60,0,0,0,0,24,14,52,0
1026,82,93,0,0,0,0,31,18,78,0
1027,82,88,0,0,0,0,39,10,78,0
1028,82,33,-0.927261614,171,0,4908,46,10,11,3936
1029,83,11,0,0,0,0,32,12,90,0
1030,83,40,0,0,0,0,30,12,6,0
1031,83,80,0,0,0,0,28,12,82,0
1032,83,41,0,0,0,0,27,14,73,0
1033,83,72,-1,196,8,4896,41,16,4,3780
1034,84,52,0,0,0,0,38,10,75,0
1035,84,41,0,0,0,0,37,19,73,0
1036,84,52,0,0,0,0,42,20,76,0
1037,84,44,0,0,0,0,27,15,85,0
1038,84,21,0,0,0,0,32,13,75,0
1039,84,74,0,0,0,0,35,20,21,0
1040,84,89,0,0,0,0,30,12,97,0
1041,84,69,1,171,0,5164,50,11,92,4257
1042,85,67,0,0,0,0,29,18,34,0
1043,85,77,0,0,0,0,26,10,20,0
1044,85,83,0,0,0,0,25,19,59,0
1045,85,55,0,0,0,0,47,20,74,0
1046,85,45,0,0,0,0,34,16,36,0
1047,85,52,0,0,0,0,37,16,43,0
1048,85,64,0,0,0,0,48,10,63,0
1049,85,57,0,0,0,0,49,15,73,0
1050,85,25,0,0,0,0,38,12,89,0
1051,85,25,0,0,0,0,50,19,91,0
1052,85,7,0,0,0,0,27,14,51,0
1053,85,10,0,0,0,0,48,12,61,0
1054,85,94,0,0,0,0,43,13,88,0
1055,85,65,0,0,0,0,49,15,85,0
1056,85,33,0,0,0,0,21,20,95,0
1057,85,95,0,0,0,0,35,11,42,0
1058,85,29,1,242,12,5589,32,18,95,4096
1059,86,84,0,0,0,0,24,20,18,0
1060,86,65,0,0,0,0,46,16,98,0
1061,86,36,0,0,0,0,21,12,12,0
1062,86,35,0,0,0,0,30,15,40,0
1063,86,16,0,0,0,0,27,12,1,0
1064,86,71,0,0,0,0,21,19,21,0
1065,86,97,0,0,0,0,34,16,19,0
1066,86,21,0,0,0,0,26,19,68,0
1067,86,39,0,0,0,0,43,12,84,0
1068,86,64,0.642190075,226,8,5461,36,16,40,4424
1069,87,92,0,0,0,0,39,20,40,0
1070,87,19,0,0,0,0,22,18,88,0
1071,87,93,0,0,0,0,23,18,40,0
1072,87,48,0,0,0,0,23,16,84,0
1073,87,86,0,0,0,0,49,13,31,0
1074,87,61,0,0,0,0,36,13,52,0
1075,87,99,0,0,0,0,32,16,87,0
1076,87,66,0,0,0,0,30,14,13,0
1077,87,66,0,0,0,0,24,14,80,0
1078,87,42,0,0,0,0,37,19,73,0
1079,87,35,0,0,0,0,40,11,22,0
1080,87,19,0,0,0,0,31,18,59,0
1081,87,65,0.637688985,233,7,5556,35,15,40,4456
1082,88,99,0,0,0,0,39,14,38,0
1083,88,27,0,0,0,0,23,16,6,0
1084,88,76,0,0,0,0,33,19,74,0
1085,88,68,0,0,0,0,46,17,77,0
1086,88,70,0,0,0,0,27,10,49,0
1087,88,23,0,0,0,0,47,17,20,0
1088,88,43,0,0,0,0,34,13,93,0
1089,88,68,0,0,0,0,32,15,47,0
1090,88,33,0.181362905,214,3,5591,39,14,26,4282
1091,89,9,0,0,0,0,50,15,99,0
1092,89,94,0,0,0,0,23,17,73,0
1093,89,46,0,0,0,0,31,14,73,0
1094,89,67,0,0,0,0,46,13,55,0
1095,89,66,0,0,0,0,26,10,98,0
1096,89,68,0,0,0,0,21,10,43,0
1097,89,30,0,0,0,0,43,10,57,0
1098,89,34,0,0,0,0,31,17,31,0
1099,89,87,0,0,0,0,27,17,73,0
1100,89,87,0,0,0,0,47,14,92,0
1101,89,47,0,0,0,0,26,17,29,0
1102,89,94,0,0,0,0,38,11,54,0
1103,89,66,0,0,0,0,40,11,7,0
1104,89,30,0,0,0,0,28,12,94,0
1105,89,87,0,0,0,0,33,13,56,0
1106,89,82,0,0,0,0,28,13,13,0
1107,89,89,0,0,0,0,28,16,5,0
1108,89,19,0,0,0,0,33,16,79,0
1109,89,22,0.059732043,192,0,5374,45,11,23,4426
1110,90,72,0,0,0,0,31,12,15,0
1111,90,79,0,0,0,0,44,17,18,0
1112,90,48,0,0,0,0,23,15,13,0
1113,90,45,0,0,0,0,45,11,81,0
1114,90,61,0,0,0,0,49,13,8,0
1115,90,11,0,0,0,0,45,10,89,0
1116,90,80,0,0,0,0,33,12,10,0
1117,90,92,0,0,0,0,27,12,61,0
1118,90,57,0,0,0,0,50,17,25,0
1119,90,24,0,0,0,0,33,15,39,0
1120,90,36,0,0,0,0,46,14,94,0
1121,90,85,0,0,0,0,39,19,98,0
1122,90,37,0,0,0,0,35,14,33,0
1123,90,1,0,0,0,0,40,16,38,0
1124,90,6,0,0,0,0,48,11,38,0
1125,90,68,0,0,0,0,48,18,61,0
1126,90,5,1,297,23,5060,21,20,100,3864
1127,91,65,0,0,0,0,26,10,40,0
1128,91,55,0,0,0,0,40,16,52,0
1129,91,42,0,0,0,0,32,14,32,0
1130,91,13,0,0,0,0,21,19,6,0
1131,91,20,0,0,0,0,49,15,10,0
1132,91,16,0,0,0,0,25,17,79,0
1133,91,53,0,0,0,0,21,13,27,0
1134,91,18,0,0,0,0,38,17,68,0
1135,91,20,0,0,0,0,23,13,24,0
1136,91,36,0,0,0,0,21,14,94,0
1137,91,53,0,0,0,0,46,10,73,0
1138,91,3,0,0,0,0,47,11,80,0
1139,91,62,0,0,0,0,35,17,20,0
1140,91,98,0,0,0,0,35,18,36,0
1141,91,6,0,0,0,0,24,15,100,0
1142,91,18,0,0,0,0,24,11,10,0
1143,91,25,1,286,0,5755,25,11,54,4621
1144,92,17,0,0,0,0,50,19,7,0
1145,92,60,0,0,0,0,41,18,3,0
1146,92,40,0,0,0,0,34,17,2,0
1147,92,97,0,0,0,0,26,11,5,0
1148,92,28,0,0,0,0,30,16,56,0
1149,92,98,0,0,0,0,25,12,28,0
1150,92,55,0,0,0,0,45,15,6,0
1151,92,45,0,0,0,0,27,19,77,0
1152,92,12,1,295,12,5665,22,18,65,4466
1153,93,28,0,0,0,0,28,12,75,0
1154,93,69,0,0,0,0,29,16,12,0
1155,93,73,0,0,0,0,36,13,69,0
1156,93,57,0,0,0,0,24,18,77,0
1157,93,48,0,0,0,0,30,14,19,0
1158,93,51,0,0,0,0,39,10,93,0
1159,93,57,0,0,0,0,23,13,65,0
1160,93,76,0,0,0,0,50,17,67,0
1161,93,21,0,0,0,0,36,11,97,0
1162,93,67,1,283,16,5772,26,19,72,4608
1163,94,40,0,0,0,0,49,13,81,0
1164,94,85,0,0,0,0,50,19,86,0
1165,94,100,0,0,0,0,28,12,9,0
1166,94,80,0,0,0,0,47,16,53,0
1167,94,6,0,0,0,0,22,16,31,0
1168,94,26,0,0,0,0,27,11,96,0
1169,94,3,0,0,0,0,46,12,13,0
1170,94,93,0,0,0,0,40,12,44,0
1171,94,70,0,0,0,0,28,17,12,0
1172,94,45,1,251,1,6484,33,12,59,4790
1173,95,50,0,0,0,0,26,15,2,0
1174,95,55,0,0,0,0,29,17,10,0
1175,95,67,0,0,0,0,25,17,91,0
1176,95,31,0,0,0,0,36,20,46,0
1177,95,5,0,0,0,0,50,16,18,0
1178,95,62,0,0,0,0,50,12,96,0
1179,95,35,0,0,0,0,44,13,1,0
1180,95,4,0,0,0,0,21,20,6,0
1181,95,51,0,0,0,0,33,16,15,0
1182,95,18,0,0,0,0,43,19,90,0
1183,95,81,0,0,0,0,49,13,96,0
1184,95,75,0,0,0,0,31,15,47,0
1185,95,69,0,0,0,0,36,16,23,0
1186,95,65,0.072418879,217,5,6780,41,14,23,5157
1187,96,12,0,0,0,0,22,13,9,0
1188,96,89,0,0,0,0,21,14,57,0
1189,96,44,0,0,0,0,35,15,93,0
1190,96,66,0,0,0,0,24,14,93,0
1191,96,93,0,0,0,0,43,14,33,0
1192,96,20,0,0,0,0,41,13,64,0
1193,96,35,0,0,0,0,33,12,51,0
1194,96,1,0,0,0,0,44,14,19,0
1195,96,9,0,0,0,0,35,12,39,0
1196,96,11,-1,232,2,6821,37,11,6,5134
1197,97,66,0,0,0,0,31,14,68,0
1198,97,32,0,0,0,0,28,20,97,0
1199,97,73,0,0,0,0,33,13,41,0
1200,97,17,0,0,0,0,50,20,69,0
1201,97,16,0,0,0,0,38,11,100,0
1202,97,50,0,0,0,0,26,20,98,0
1203,97,34,0,0,0,0,47,19,77,0
1204,97,45,0,0,0,0,49,13,12,0
1205,97,63,0,0,0,0,47,18,43,0
1206,97,71,0,0,0,0,29,17,67,0
1207,97,86,0,0,0,0,36,16,47,0
1208,97,13,0,0,0,0,29,11,72,0
1209,97,58,0,0,0,0,43,10,65,0
1210,97,15,0,0,0,0,26,10,86,0
1211,97,96,0,0,0,0,32,14,45,0
1212,97,66,0,0,0,0,47,13,50,0
1213,97,64,0,0,0,0,41,14,51,0
1214,97,42,0,0,0,0,27,11,13,0
1215,97,73,-0.662623199,192,3,6595,50,13,14,5215
1216,98,12,0,0,0,0,42,11,56,0
1217,98,20,0,0,0,0,34,15,30,0
1218,98,40,0,0,0,0,42,16,14,0
1219,98,63,0,0,0,0,45,12,4,0
1220,98,93,0,0,0,0,21,19,8,0
1221,98,54,0,0,0,0,29,15,40,0
1222,98,2,0,0,0,0,45,16,19,0
1223,98,88,0,0,0,0,21,10,44,0
1224,98,31,0,0,0,0,42,18,74,0
1225,98,70,0,0,0,0,22,19,16,0
1226,98,91,0,0,0,0,25,14,72,0
1227,98,50,0,0,0,0,23,15,45,0
1228,98,13,0,0,0,0,41,13,43,0
1229,98,85,0,0,0,0,24,17,44,0
1230,98,58,0,0,0,0,42,16,72,0
1231,98,56,0,0,0,0,38,11,38,0
1232,98,26,0,0,0,0,35,17,94,0
1233,98,11,-0.933090794,219,11,6322,42,17,11,4945
1234,99,43,0,0,0,0,40,13,16,0
1235,99,81,0,0,0,0,24,12,62,0
1236,99,33,0,0,0,0,30,17,18,0
1237,99,46,0,0,0,0,42,19,51,0
1238,99,75,0,0,0,0,22,11,83,0
1239,99,7,0,0,0,0,31,20,57,0
1240,99,2,0,0,0,0,29,10,50,0
1241,99,83,0,0,0,0,46,10,30,0
1242,99,5,0,0,0,0,49,18,42,0
1243,99,62,0,0,0,0,23,12,54,0
1244,99,20,0,0,0,0,39,20,58,0
1245,99,80,0,0,0,0,48,20,32,0
1246,99,91,0,0,0,0,21,17,58,0
1247,99,23,0,0,0,0,29,14,38,0
1248,99,97,0,0,0,0,41,11,14,0
1249,99,48,-0.084995397,248,1,6518,36,10,20,4980
1250,100,51,0,0,0,0,37,20,80,0
1251,100,27,0,0,0,0,28,13,78,0
1252,100,92,0,0,0,0,28,16,63,0
1253,100,10,0,0,0,0,50,17,59,0
1254,100,59,0,0,0,0,46,13,100,0
1255,100,95,0,0,0,0,44,13,17,0
1256,100,98,0,0,0,0,37,20,40,0
1257,100,98,0,0,0,0,30,18,46,0
1258,100,43,0,0,0,0,41,19,37,0
1259,100,83,0,0,0,0,44,11,80,0
1260,100,43,0,0,0,0,26,20,63,0
1261,100,70,0,0,0,0,33,20,46,0
1262,100,96,0,0,0,0,47,12,63,0
