WorkerID,Entry_date,Ability,Reputation,Like_list_len,Block_list_len,ratings,mid_thres,low_thre,quality
1,0,85,0.0,0,0,0,36,12,60,0
2,0,19,0.0,0,0,0,37,14,93,0
3,0,50,0.0,0,0,0,32,13,25,0
4,0,56,0.0,0,0,0,23,18,7,0
5,0,78,0.0,0,0,0,50,11,57,0
6,0,5,0.0,0,0,0,32,16,33,0
7,0,4,0.0,0,0,0,47,16,11,0
8,0,79,0.0,0,0,0,43,11,68,0
9,0,71,0.0,0,0,0,24,15,18,0
10,0,91,0.0,0,0,0,27,18,8,0
11,0,32,0.0,0,0,0,22,19,35,0
12,0,72,0.0,0,0,0,21,19,35,0
13,0,89,0.0,0,0,0,36,15,30,0
14,0,75,0.0,0,0,0,36,18,56,0
15,0,68,0.0,0,0,0,49,14,81,0
16,0,55,0.0,0,0,0,29,10,18,0
17,0,23,0.0,0,0,0,32,11,38,0
18,0,12,0.0,0,0,0,29,19,63,0
19,0,57,0.0,0,0,0,26,20,16,0
20,0,67,0.0,0,0,0,30,18,79,0
21,0,1,0.0,0,0,0,39,18,63,0
22,0,60,0.0,0,0,0,24,10,39,0
23,0,6,0.0,0,0,0,33,19,55,0
24,0,91,0.0,0,0,0,43,17,39,0
25,0,27,0.0,0,0,0,45,16,53,0
26,0,100,0.0,0,0,0,21,15,2,0
27,0,86,0.0,0,0,0,26,19,97,0
28,0,66,0.0,0,0,0,26,18,91,0
29,0,40,0.0,0,0,0,22,10,39,0
30,0,43,0.0,0,0,0,34,18,75,0
31,0,86,0.0,0,0,0,27,17,13,0
32,0,80,0.0,0,0,0,35,14,34,0
33,0,83,0.0,0,0,0,28,12,38,0
34,0,2,0.0,0,0,0,40,20,66,0
35,0,100,0.0,0,0,0,31,16,60,0
36,0,54,0.0,0,0,0,42,17,33,0
37,0,82,0.0,0,0,0,21,10,5,0
38,0,87,0.0,0,0,0,33,17,6,0
39,0,72,0.0,0,0,0,33,19,41,0
40,0,76,0.0,0,0,0,30,18,39,0
41,0,40,0.0,0,0,0,38,14,23,0
42,0,4,0.0,0,0,0,26,12,87,0
43,0,37,0.0,0,0,0,26,18,87,0
44,0,6,0.0,0,0,0,30,11,48,0
45,0,44,0.0,0,0,0,23,19,70,0
46,0,85,0.0,0,0,0,48,17,76,0
47,0,46,0.0,0,0,0,24,11,40,0
48,0,92,0.0,0,0,0,44,20,54,0
49,0,15,0.0,0,0,0,44,12,69,0
50,0,47,0.0,0,0,0,49,16,59,0
51,0,6,0.0,0,0,0,31,12,34,0
52,0,53,0.0,0,0,0,23,19,2,0
53,0,18,0.0,0,0,0,37,17,58,0
54,0,18,0.0,0,0,0,23,18,62,0
55,0,5,0.0,0,0,0,33,17,46,0
56,0,19,0.0,0,0,0,40,14,34,0
57,0,11,0.0,0,0,0,47,17,32,0
58,0,86,0.0,0,0,0,23,12,32,0
59,0,85,0.0,0,0,0,38,18,52,0
60,0,88,0.0,0,0,0,37,16,32,0
61,0,4,0.0,0,0,0,35,16,78,0
62,0,89,0.0,0,0,0,33,16,17,0
63,0,33,0.0,0,0,0,33,12,57,0
64,0,23,0.0,0,0,0,34,11,3,0
65,0,89,0.0,0,0,0,29,16,19,0
66,0,86,0.0,0,0,0,23,15,83,0
67,0,54,0.0,0,0,0,42,19,40,0
68,0,91,0.0,0,0,0,28,19,12,0
69,0,16,0.0,0,0,0,45,18,41,0
70,0,15,0.0,0,0,0,37,19,77,0
71,0,45,0.0,0,0,0,33,10,43,0
72,0,77,0.0,0,0,0,38,19,49,0
73,0,29,0.0,0,0,0,50,20,53,0
74,0,30,0.0,0,0,0,44,20,88,0
75,0,50,0.0,0,0,0,43,14,40,0
76,0,92,0.0,0,0,0,23,15,78,0
77,0,98,0.0,0,0,0,48,13,43,0
78,0,28,0.0,0,0,0,41,11,43,0
79,0,86,0.0,0,0,0,42,17,27,0
80,0,48,0.0,0,0,0,23,17,82,0
81,0,61,0.0,0,0,0,50,11,8,0
82,0,58,0.0,0,0,0,21,19,13,0
83,0,93,0.0,0,0,0,23,18,14,0
84,0,66,0.0,0,0,0,47,14,43,0
85,0,14,0.0,0,0,0,27,20,67,0
86,0,3,0.0,0,0,0,37,11,44,0
87,0,92,0.0,0,0,0,32,20,16,0
88,0,27,0.0,0,0,0,38,11,79,0
89,0,17,0.0,0,0,0,26,10,33,0
90,0,96,0.0,0,0,0,37,10,2,0
91,0,77,0.0,0,0,0,45,20,49,0
92,0,50,0.0,0,0,0,33,11,77,0
93,0,3,0.0,0,0,0,39,20,21,0
94,0,69,0.0,0,0,0,28,15,93,0
95,0,50,0.0,0,0,0,42,12,94,0
96,0,53,0.0,0,0,0,42,19,26,0
97,0,16,0.0,0,0,0,30,15,15,0
98,0,58,0.0,0,0,0,45,17,33,0
99,0,19,0.0,0,0,0,37,16,25,0
100,0,40,1.0,70,16,4241,28,20,70,2942
101,1,97,0.0,0,0,0,23,10,46,0
102,1,93,0.0,0,0,0,48,14,61,0
103,1,96,0.0,0,0,0,25,18,87,0
104,1,1,0.0,0,0,0,42,10,81,0
105,1,30,0.0,0,0,0,34,13,1,0
106,1,9,0.0,0,0,0,38,12,68,0
107,1,64,0.0,0,0,0,34,13,48,0
108,1,89,0.0,0,0,0,25,16,93,0
109,1,22,0.0,0,0,0,41,19,11,0
110,1,21,0.0,0,0,0,45,18,53,0
111,1,18,0.0,0,0,0,22,18,25,0
112,1,94,0.0,0,0,0,50,16,59,0
113,1,61,0.39489420423183075,59,0,4348,48,11,30,2466
114,2,64,0.0,0,0,0,39,18,28,0
115,2,87,0.0,0,0,0,40,13,26,0
116,2,57,0.0,0,0,0,33,14,43,0
117,2,33,0.0,0,0,0,39,19,81,0
118,2,38,0.0,0,0,0,48,19,12,0
119,2,12,0.0,0,0,0,33,13,52,0
120,2,64,0.0,0,0,0,39,10,73,0
121,2,22,0.0,0,0,0,32,17,28,0
122,2,18,-1.0,74,0,4723,30,15,1,2444
123,3,42,0.0,0,0,0,22,15,41,0
124,3,17,0.0,0,0,0,28,10,67,0
125,3,72,0.0,0,0,0,44,16,58,0
126,3,4,0.0,0,0,0,24,10,34,0
127,3,67,0.0,0,0,0,32,20,87,0
128,3,3,1.0,68,1,4551,42,14,76,2708
129,4,32,0.0,0,0,0,40,16,87,0
130,4,75,0.0,0,0,0,50,14,3,0
131,4,88,0.0,0,0,0,23,16,39,0
132,4,73,0.0,0,0,0,41,16,64,0
133,4,62,0.0,0,0,0,38,15,53,0
134,4,67,0.0,0,0,0,34,10,86,0
135,4,93,0.0,0,0,0,29,20,55,0
136,4,56,0.0,0,0,0,49,10,40,0
137,4,78,0.8128293658004725,84,0,5503,26,18,42,2853
138,5,18,0.0,0,0,0,45,11,2,0
139,5,34,0.0,0,0,0,40,11,1,0
140,5,54,0.0,0,0,0,25,12,85,0
141,5,41,0.0,0,0,0,43,20,95,0
142,5,68,0.0,0,0,0,24,19,35,0
143,5,1,0.0,0,0,0,49,17,97,0
144,5,8,0.0,0,0,0,41,12,37,0
145,5,15,0.0,0,0,0,21,20,77,0
146,5,32,0.0,0,0,0,28,20,89,0
147,5,87,0.0,0,0,0,49,18,60,0
148,5,55,1.0,70,0,5523,43,12,93,2607
149,6,90,0.0,0,0,0,50,13,27,0
150,6,75,0.0,0,0,0,28,12,41,0
151,6,13,0.0,0,0,0,22,17,33,0
152,6,44,0.0,0,0,0,30,17,71,0
153,6,28,0.0,0,0,0,29,18,72,0
154,6,64,-1.0,71,1,6173,46,16,1,3061
155,7,94,0.0,0,0,0,39,16,49,0
156,7,90,0.0,0,0,0,50,14,68,0
157,7,91,0.0,0,0,0,44,12,63,0
158,7,50,0.0,0,0,0,21,19,20,0
159,7,41,0.0,0,0,0,40,17,32,0
160,7,72,0.0,0,0,0,22,19,94,0
161,7,76,0.0,0,0,0,49,17,12,0
162,7,16,0.0,0,0,0,26,16,98,0
163,7,6,0.0,0,0,0,41,13,55,0
164,7,56,0.0,0,0,0,47,17,24,0
165,7,33,0.0,0,0,0,29,10,82,0
166,7,64,0.0,0,0,0,46,18,19,0
167,7,13,0.0,0,0,0,38,14,61,0
168,7,26,0.0,0,0,0,26,10,68,0
169,7,89,0.0,0,0,0,32,11,66,0
170,7,12,0.0,0,0,0,21,12,75,0
171,7,25,0.0,0,0,0,29,15,69,0
172,7,87,0.0,0,0,0,45,12,35,0
173,7,4,0.0,0,0,0,42,15,26,0
174,7,1,1.0,93,0,6518,25,20,73,3325
175,8,19,0.0,0,0,0,49,20,61,0
176,8,39,0.0,0,0,0,38,18,99,0
177,8,66,0.0,0,0,0,25,18,60,0
178,8,64,0.0,0,0,0,47,17,49,0
179,8,37,0.0,0,0,0,40,12,14,0
180,8,42,0.0,0,0,0,36,10,75,0
181,8,36,0.0,98,0,6438,24,17,21,2711
182,9,87,0.0,0,0,0,41,19,89,0
183,9,64,0.0,0,0,0,47,11,50,0
184,9,75,0.0,0,0,0,46,20,49,0
185,9,79,0.0,0,0,0,24,19,19,0
186,9,44,0.0,0,0,0,43,19,9,0
187,9,35,0.0,0,0,0,31,12,39,0
188,9,51,0.0,0,0,0,45,15,35,0
189,9,89,0.0,0,0,0,30,11,12,0
190,9,20,0.0,0,0,0,49,18,42,0
191,9,43,0.0,0,0,0,45,20,76,0
192,9,7,0.0,0,0,0,29,12,40,0
193,9,91,0.0,0,0,0,41,11,78,0
194,9,4,0.0,0,0,0,26,13,65,0
195,9,48,0.0,0,0,0,36,12,43,0
196,9,95,0.0,0,0,0,40,10,39,0
197,9,62,0.0,0,0,0,21,18,98,0
198,9,64,0.0,0,0,0,44,11,52,0
199,9,45,1.0,73,1,7351,48,15,93,3476
200,10,49,0.0,0,0,0,49,11,94,0
201,10,98,0.0,0,0,0,21,19,92,0
202,10,60,0.0,0,0,0,43,18,7,0
203,10,72,-0.8236970200641102,91,0,8423,32,12,12,3333
204,11,98,0.0,0,0,0,39,19,83,0
205,11,44,0.0,0,0,0,25,14,54,0
206,11,16,0.0,0,0,0,34,15,21,0
207,11,57,0.0,0,0,0,32,10,1,0
208,11,48,0.0,0,0,0,47,12,81,0
209,11,77,0.0,0,0,0,33,16,99,0
210,11,99,0.0,0,0,0,30,19,14,0
211,11,12,1.0,84,1,7851,40,15,72,3219
212,12,37,0.0,0,0,0,28,13,18,0
213,12,29,-0.6872055092424791,86,0,8277,41,14,13,3561
214,13,17,0.0,0,0,0,39,18,50,0
215,13,70,0.0,0,0,0,33,19,50,0
216,13,35,0.0,0,0,0,45,16,6,0
217,13,15,0.0,0,0,0,30,16,29,0
218,13,32,0.0,0,0,0,36,20,94,0
219,13,54,0.0,0,0,0,39,20,38,0
220,13,100,0.0,0,0,0,40,14,28,0
221,13,22,0.0,0,0,0,33,15,73,0
222,13,60,0.0,0,0,0,32,10,83,0
223,13,82,0.0,0,0,0,47,19,50,0
224,13,9,0.0,0,0,0,39,19,33,0
225,13,39,0.0,0,0,0,39,20,40,0
226,13,27,0.0,0,0,0,30,13,42,0
227,13,80,0.0,0,0,0,25,19,32,0
228,13,72,0.0,0,0,0,30,20,86,0
229,13,85,0.0,0,0,0,39,19,46,0
230,13,53,0.0,0,0,0,35,15,1,0
231,13,28,0.0,0,0,0,38,12,45,0
232,13,59,0.0,0,0,0,28,11,28,0
233,13,97,0.031630170316301706,76,1,9042,50,16,22,3954
234,14,81,0.0,0,0,0,46,18,82,0
235,14,73,0.0,0,0,0,23,13,55,0
236,14,38,0.0,0,0,0,40,18,86,0
237,14,42,0.0,0,0,0,39,18,60,0
238,14,10,0.0,0,0,0,40,18,26,0
239,14,40,0.0,0,0,0,40,14,26,0
240,14,99,0.0,0,0,0,49,13,82,0
241,14,98,0.0,0,0,0,33,16,93,0
242,14,71,0.0,0,0,0,47,12,21,0
243,14,99,1.0,108,0,10130,27,10,100,3465
244,15,95,0.0,0,0,0,50,15,56,0
245,15,26,0.0,0,0,0,32,19,80,0
246,15,62,0.0,0,0,0,48,12,84,0
247,15,50,0.0,0,0,0,50,19,27,0
248,15,70,0.0,0,0,0,31,15,52,0
249,15,61,0.0,0,0,0,43,16,96,0
250,15,39,0.0,0,0,0,47,13,49,0
251,15,51,0.0,0,0,0,37,16,64,0
252,15,72,0.0,0,0,0,50,17,89,0
253,15,71,0.0,0,0,0,27,14,68,0
254,15,82,0.0,0,0,0,35,16,89,0
255,15,71,0.0,0,0,0,35,19,42,0
256,15,73,1.0,86,0,11842,47,11,69,4272
257,16,75,0.0,0,0,0,43,13,12,0
258,16,51,0.0,0,0,0,30,10,74,0
259,16,14,0.0,0,0,0,22,12,4,0
260,16,44,0.0,0,0,0,26,13,96,0
261,16,40,0.0,0,0,0,21,12,30,0
262,16,74,0.0,0,0,0,34,14,17,0
263,16,9,1.0,98,1,11393,39,18,57,4319
264,17,28,0.0,0,0,0,29,18,44,0
265,17,74,0.0,0,0,0,49,19,17,0
266,17,59,0.0,0,0,0,30,13,36,0
267,17,46,0.0,0,0,0,45,18,5,0
268,17,26,0.0,0,0,0,47,19,45,0
269,17,6,0.0,0,0,0,33,18,5,0
270,17,9,0.0,0,0,0,37,15,99,0
271,17,52,0.0,0,0,0,28,17,95,0
272,17,76,1.0,107,2,13879,34,20,58,4299
273,18,77,0.0,0,0,0,44,17,73,0
274,18,64,0.0,0,0,0,45,15,4,0
275,18,33,0.0,0,0,0,36,19,99,0
276,18,88,0.0,0,0,0,40,14,5,0
277,18,80,0.0,0,0,0,22,12,63,0
278,18,67,0.0,0,0,0,35,14,38,0
279,18,68,0.0,0,0,0,44,11,37,0
280,18,6,0.0,0,0,0,31,16,3,0
281,18,32,0.0,0,0,0,37,18,69,0
282,18,71,0.0,0,0,0,47,20,7,0
283,18,53,0.0,0,0,0,37,15,45,0
284,18,13,0.0,0,0,0,38,16,51,0
285,18,76,0.12527870680044592,96,0,14352,45,10,25,4372
286,19,90,0.0,0,0,0,32,10,76,0
287,19,58,0.0,0,0,0,47,18,3,0
288,19,43,0.0,0,0,0,46,19,16,0
289,19,80,0.0,0,0,0,27,16,83,0
290,19,22,0.0,0,0,0,45,18,34,0
291,19,15,0.0,0,0,0,23,15,64,0
292,19,8,0.0,0,0,0,25,16,13,0
293,19,57,0.0,0,0,0,41,11,20,0
294,19,89,0.0,0,0,0,26,20,23,0
295,19,67,0.0,0,0,0,50,12,60,0
296,19,92,0.0,0,0,0,22,12,40,0
297,19,63,0.0,0,0,0,42,20,14,0
298,19,24,0.0,0,0,0,42,11,38,0
299,19,39,0.0,0,0,0,39,11,47,0
300,19,71,0.0,0,0,0,31,14,13,0
301,19,80,0.0,0,0,0,50,15,40,0
302,19,5,0.0,0,0,0,37,18,87,0
303,19,77,0.0,0,0,0,29,13,3,0
304,19,51,0.0,0,0,0,22,12,95,0
305,19,41,0.6462546816479401,132,1,16020,22,10,38,4734
306,20,94,1.0,94,2,15528,49,17,58,4902
307,21,23,0.0,0,0,0,41,18,71,0
308,21,96,0.0,0,0,0,37,13,52,0
309,21,46,0.0,0,0,0,50,20,34,0
310,21,73,0.0,0,0,0,31,13,24,0
311,21,96,0.0,0,0,0,32,16,84,0
312,21,43,0.0,0,0,0,36,17,20,0
313,21,11,0.0,0,0,0,31,20,72,0
314,21,81,0.0,0,0,0,31,19,98,0
315,21,94,0.0,0,0,0,38,18,26,0
316,21,67,0.0,0,0,0,35,18,9,0
317,21,42,0.0,0,0,0,32,18,100,0
318,21,65,0.0,0,0,0,23,19,7,0
319,21,47,0.0,0,0,0,25,12,83,0
320,21,47,0.0,0,0,0,37,10,46,0
321,21,87,1.0,102,6,16420,45,20,94,4270
322,22,26,0.0,0,0,0,49,20,9,0
323,22,42,0.0,0,0,0,44,17,76,0
324,22,88,0.0,0,0,0,40,12,91,0
325,22,99,0.0,0,0,0,40,15,54,0
326,22,86,0.0,0,0,0,49,15,65,0
327,22,46,0.0,0,0,0,23,18,71,0
328,22,49,0.0,0,0,0,39,16,82,0
329,22,17,0.0,0,0,0,39,10,43,0
330,22,28,0.0,0,0,0,48,19,92,0
331,22,7,0.0,0,0,0,31,18,5,0
332,22,80,0.0,0,0,0,36,12,58,0
333,22,19,0.0,0,0,0,34,13,72,0
334,22,61,0.0,0,0,0,44,12,24,0
335,22,74,0.0,0,0,0,29,20,67,0
336,22,74,0.0,0,0,0,46,18,52,0
337,22,31,0.0,0,0,0,25,14,39,0
338,22,3,0.0,0,0,0,39,12,29,0
339,22,28,0.46255088952094137,124,3,17931,30,17,31,4929
340,23,73,0.0,0,0,0,50,18,62,0
341,23,38,0.0,0,0,0,46,20,8,0
342,23,26,0.0,0,0,0,23,14,80,0
343,23,81,0.0,0,0,0,26,11,41,0
344,23,2,0.0,0,0,0,45,20,71,0
345,23,50,0.0,0,0,0,32,13,47,0
346,23,69,0.0,0,0,0,34,12,15,0
347,23,74,0.0,0,0,0,23,18,12,0
348,23,95,0.0,0,0,0,48,19,66,0
349,23,46,1.0,113,0,18707,39,11,88,5460
350,24,41,0.0,0,0,0,36,10,65,0
351,24,34,1.0,127,2,20376,34,16,92,5749
352,25,40,0.0,0,0,0,38,12,88,0
353,25,66,0.0,0,0,0,50,12,13,0
354,25,89,0.0,0,0,0,42,10,46,0
355,25,22,0.0,0,0,0,31,15,35,0
356,25,71,0.0,0,0,0,25,17,8,0
357,25,35,0.0,0,0,0,44,20,40,0
358,25,6,0.0,0,0,0,33,13,37,0
359,25,31,0.0,0,0,0,40,19,1,0
360,25,94,0.0,0,0,0,22,10,39,0
361,25,87,0.0,0,0,0,21,20,17,0
362,25,11,0.0,0,0,0,39,19,96,0
363,25,96,0.0,0,0,0,50,12,50,0
364,25,80,0.5742810117810118,103,2,23088,49,16,36,5819
365,26,25,1.0,130,0,23591,33,10,90,5676
366,27,4,0.0,0,0,0,47,14,43,0
367,27,80,0.0,0,0,0,23,11,3,0
368,27,41,0.0,0,0,0,32,11,39,0
369,27,84,0.0,0,0,0,32,12,12,0
370,27,82,0.0,0,0,0,45,14,19,0
371,27,80,0.0,0,0,0,44,11,54,0
372,27,29,0.0,0,0,0,32,11,52,0
373,27,73,0.0,0,0,0,46,14,76,0
374,27,72,0.0,0,0,0,38,10,38,0
375,27,18,0.0,0,0,0,41,17,77,0
376,27,28,1.0,152,0,24652,23,14,80,5906
377,28,99,-0.3944506104328524,110,2,27030,48,18,16,6843
378,29,93,0.0,0,0,0,21,19,15,0
379,29,50,0.0,0,0,0,43,19,59,0
380,29,13,1.0,164,0,25543,22,15,87,6688
381,30,40,0.0,0,0,0,29,16,19,0
382,30,26,0.0,0,0,0,22,19,4,0
383,30,11,0.0,0,0,0,36,16,21,0
384,30,100,0.0,0,0,0,22,13,4,0
385,30,34,0.0,0,0,0,42,11,90,0
386,30,28,0.0,0,0,0,34,10,27,0
387,30,68,1.0,155,2,22727,25,17,95,5620
388,31,55,0.0,0,0,0,43,17,81,0
389,31,63,0.0,0,0,0,43,17,86,0
390,31,10,0.0,0,0,0,39,12,20,0
391,31,41,0.0,0,0,0,48,10,54,0
392,31,31,0.0,0,0,0,35,15,72,0
393,31,85,0.0,0,0,0,25,12,67,0
394,31,55,0.0,0,0,0,35,10,17,0
395,31,77,0.0,0,0,0,39,17,34,0
396,31,68,0.0,0,0,0,47,13,44,0
397,31,76,0.0,0,0,0,31,17,16,0
398,31,36,0.0,0,0,0,47,19,31,0
399,31,64,0.0,0,0,0,49,12,27,0
400,31,42,0.0,0,0,0,28,16,19,0
401,31,99,-0.05238075154991354,150,2,23711,29,16,20,6167
402,32,11,0.0,0,0,0,48,15,51,0
403,32,39,0.0,0,0,0,39,13,92,0
404,32,85,0.0,0,0,0,31,12,26,0
405,32,70,0.0,0,0,0,42,13,69,0
406,32,55,0.0,0,0,0,32,15,26,0
407,32,51,0.031219446411112236,130,0,29661,39,10,22,6716
408,33,57,0.0,0,0,0,33,13,81,0
409,33,96,0.0,0,0,0,33,13,44,0
410,33,41,0.0,0,0,0,36,13,25,0
411,33,87,0.0,0,0,0,35,14,24,0
412,33,37,0.0,0,0,0,29,13,73,0
413,33,19,0.0,0,0,0,36,15,66,0
414,33,29,0.0,0,0,0,39,18,14,0
415,33,30,0.0,0,0,0,47,18,76,0
416,33,81,0.0,0,0,0,37,20,72,0
417,33,42,0.0,0,0,0,38,17,97,0
418,33,29,0.0,0,0,0,26,17,66,0
419,33,64,1.0,172,0,30730,22,11,63,7485
420,34,91,0.0,0,0,0,43,18,94,0
421,34,12,1.0,177,4,31985,21,18,80,6801
422,35,3,0.0,0,0,0,37,17,24,0
423,35,27,0.0,0,0,0,30,12,47,0
424,35,79,0.0,0,0,0,47,10,97,0
425,35,70,1.0,165,6,33244,25,20,59,6715
426,36,16,0.0,0,0,0,33,15,1,0
427,36,79,1.0,165,0,35651,26,10,59,7531
428,37,47,0.0,0,0,0,47,13,70,0
429,37,96,0.0,0,0,0,24,17,16,0
430,37,22,0.0,0,0,0,46,15,4,0
431,37,73,0.0,0,0,0,21,17,14,0
432,37,94,0.0,0,0,0,25,17,50,0
433,37,99,0.0,0,0,0,47,20,74,0
434,37,26,0.0,0,0,0,42,12,65,0
435,37,50,0.0,0,0,0,48,12,15,0
436,37,79,0.0,0,0,0,36,15,79,0
437,37,68,0.0,0,0,0,24,20,73,0
438,37,46,0.0,0,0,0,45,18,68,0
439,37,40,0.0,0,0,0,22,18,60,0
440,37,98,0.0,0,0,0,30,17,61,0
441,37,55,0.0,0,0,0,35,16,79,0
442,37,96,0.0,0,0,0,29,19,47,0
443,37,11,0.0,0,0,0,48,14,2,0
444,37,37,0.0,0,0,0,34,16,4,0
445,37,57,0.0,0,0,0,43,11,100,0
446,37,75,0.5538098360655738,178,0,38125,22,12,36,7358
447,38,47,0.0,0,0,0,33,20,68,0
448,38,8,0.0,0,0,0,45,20,32,0
449,38,52,0.0,0,0,0,37,19,95,0
450,38,6,0.0,0,0,0,39,18,53,0
451,38,74,0.0,0,0,0,22,12,88,0
452,38,17,0.0,0,0,0,38,20,30,0
453,38,5,0.0,0,0,0,28,12,26,0
454,38,29,0.0,0,0,0,22,11,64,0
455,38,11,0.0,0,0,0,31,13,96,0
456,38,44,0.0,0,0,0,38,17,51,0
457,38,94,0.0,0,0,0,44,16,100,0
458,38,25,0.0,0,0,0,31,17,36,0
459,38,33,0.0,0,0,0,44,12,12,0
460,38,60,0.0,0,0,0,47,10,38,0
461,38,53,1.0,126,0,37808,49,10,56,7961
462,39,79,0.0,0,0,0,44,14,61,0
463,39,7,0.0,0,0,0,33,16,67,0
464,39,100,0.0,0,0,0,43,12,69,0
465,39,60,0.0,0,0,0,26,14,55,0
466,39,90,0.0,0,0,0,28,17,65,0
467,39,30,0.0,0,0,0,42,17,76,0
468,39,54,0.0,0,0,0,50,20,34,0
469,39,40,0.0,0,0,0,44,19,57,0
470,39,52,0.0,0,0,0,47,12,38,0
471,39,80,0.0,0,0,0,25,18,78,0
472,39,13,0.0,0,0,0,45,16,25,0
473,39,58,0.8855977211278486,158,0,41424,32,11,44,8369
474,40,16,0.0,0,0,0,50,17,2,0
475,40,58,0.0,0,0,0,39,13,38,0
476,40,25,0.0,0,0,0,38,14,59,0
477,40,47,0.0,0,0,0,34,11,1,0
478,40,85,0.0,0,0,0,36,16,91,0
479,40,86,0.6962161107860347,171,1,41016,26,15,40,8382
480,41,45,0.0,0,0,0,33,15,6,0
481,41,55,0.0,0,0,0,35,15,7,0
482,41,11,0.0,0,0,0,28,13,97,0
483,41,18,1.0,164,0,39906,30,11,82,7838
484,42,75,0.0,0,0,0,28,14,69,0
485,42,57,0.0,0,0,0,36,13,66,0
486,42,72,0.0,0,0,0,50,15,36,0
487,42,74,0.0,0,0,0,36,12,84,0
488,42,31,0.0,0,0,0,24,10,67,0
489,42,95,0.0,0,0,0,33,19,31,0
490,42,74,0.0,0,0,0,21,12,2,0
491,42,24,0.0,0,0,0,22,11,37,0
492,42,63,0.0,0,0,0,30,18,98,0
493,42,52,0.0,0,0,0,42,16,47,0
494,42,76,0.0,0,0,0,45,13,25,0
495,42,91,0.0,0,0,0,27,11,95,0
496,42,93,0.0,0,0,0,46,17,28,0
497,42,56,-1.0,168,0,39896,29,11,5,7776
498,43,81,0.0,0,0,0,33,14,59,0
499,43,23,0.0,0,0,0,45,16,2,0
500,43,95,0.0,0,0,0,36,14,13,0
501,43,12,0.0,0,0,0,48,12,59,0
502,43,25,0.0,0,0,0,41,18,64,0
503,43,41,0.0,0,0,0,30,18,46,0
504,43,43,0.0,0,0,0,48,13,60,0
505,43,93,0.0,0,0,0,41,14,91,0
506,43,22,0.0,0,0,0,50,17,7,0
507,43,63,0.0,0,0,0,48,10,78,0
508,43,30,1.0,176,3,43123,26,17,81,8144
509,44,2,0.0,0,0,0,27,15,70,0
510,44,98,0.13255623631417132,140,0,45211,43,14,24,8223
511,45,17,0.0,0,0,0,48,19,97,0
512,45,81,0.0,0,0,0,49,13,38,0
513,45,37,0.0,0,0,0,40,19,100,0
514,45,90,0.0,0,0,0,28,17,65,0
515,45,22,0.0,0,0,0,33,14,4,0
516,45,11,0.0,0,0,0,49,12,71,0
517,45,85,0.0,0,0,0,32,12,46,0
518,45,4,0.0,0,0,0,21,10,96,0
519,45,56,0.0,0,0,0,25,11,83,0
520,45,58,0.31097598302283347,175,1,49007,28,14,28,8461
521,46,13,0.0,0,0,0,48,19,71,0
522,46,39,0.0,0,0,0,28,11,21,0
523,46,70,0.0,0,0,0,23,17,46,0
524,46,78,0.0,0,0,0,29,11,92,0
525,46,42,0.0,0,0,0,27,19,19,0
526,46,30,0.0,0,0,0,27,12,39,0
527,46,11,0.0,0,0,0,42,16,22,0
528,46,78,0.0,0,0,0,29,16,59,0
529,46,15,0.0,0,0,0,26,12,82,0
530,46,32,1.0,142,3,47762,44,16,54,8412
531,47,66,0.0,0,0,0,27,10,38,0
532,47,68,0.0,0,0,0,35,15,59,0
533,47,3,0.0,0,0,0,32,14,65,0
534,47,52,0.0,0,0,0,42,11,67,0
535,47,70,0.0,0,0,0,36,16,71,0
536,47,46,0.0,0,0,0,37,18,17,0
537,47,93,0.0,0,0,0,50,16,15,0
538,47,97,0.0,0,0,0,34,16,18,0
539,47,75,0.0,0,0,0,28,18,18,0
540,47,16,0.8731860158311345,189,3,48512,24,16,46,8261
541,48,52,0.0,0,0,0,34,20,68,0
542,48,52,0.0,0,0,0,42,20,40,0
543,48,33,0.0,0,0,0,47,19,15,0
544,48,7,0.0,0,0,0,23,19,92,0
545,48,25,0.0,0,0,0,46,17,30,0
546,48,93,0.0,0,0,0,47,20,45,0
547,48,51,0.0,0,0,0,46,15,4,0
548,48,96,0.0,0,0,0,25,13,72,0
549,48,37,0.0,0,0,0,31,11,27,0
550,48,50,0.0,0,0,0,50,10,27,0
551,48,35,0.0,0,0,0,26,11,47,0
552,48,4,0.0,0,0,0,32,10,59,0
553,48,62,0.0,0,0,0,25,15,84,0
554,48,78,0.0,0,0,0,45,16,46,0
555,48,31,0.0,0,0,0,32,17,80,0
556,48,67,0.0,0,0,0,48,14,92,0
557,48,70,0.0,0,0,0,38,14,35,0
558,48,68,0.0,0,0,0,24,14,22,0
559,48,67,0.0,0,0,0,28,15,40,0
560,48,84,1.0,171,3,52637,32,17,84,8332
561,49,28,0.0,0,0,0,41,16,19,0
562,49,43,0.0,0,0,0,37,16,25,0
563,49,89,0.0,0,0,0,27,17,93,0
564,49,88,0.0,0,0,0,26,16,78,0
565,49,64,0.0,0,0,0,47,17,88,0
566,49,60,0.0,0,0,0,31,11,93,0
567,49,28,0.0,0,0,0,46,16,70,0
568,49,6,0.0,0,0,0,24,18,39,0
569,49,22,0.0,0,0,0,40,16,44,0
570,49,68,0.0,0,0,0,43,15,6,0
571,49,39,0.0,0,0,0,29,18,29,0
572,49,100,0.0,0,0,0,25,12,76,0
573,49,8,0.0,0,0,0,39,15,16,0
574,49,7,0.0,0,0,0,44,16,42,0
575,49,98,0.0,0,0,0,43,20,15,0
576,49,93,0.0,0,0,0,35,17,41,0
577,49,69,0.0,0,0,0,45,20,14,0
578,49,1,0.0,0,0,0,42,13,54,0
579,49,80,0.0,0,0,0,25,16,20,0
580,49,47,1.0,154,0,56415,40,12,52,8393
581,50,98,0.0,0,0,0,36,16,68,0
582,50,48,0.0,0,0,0,42,19,41,0
583,50,77,0.0,0,0,0,22,12,21,0
584,50,89,0.0,0,0,0,31,12,45,0
585,50,52,0.0,0,0,0,29,20,33,0
586,50,88,0.0,0,0,0,28,17,92,0
587,50,66,0.0,0,0,0,31,11,59,0
588,50,78,0.0,0,0,0,35,12,5,0
589,50,95,0.0,0,0,0,31,19,37,0
590,50,82,0.0,0,0,0,46,18,63,0
591,50,86,0.0,0,0,0,42,10,53,0
592,50,48,0.0,0,0,0,25,12,66,0
593,50,49,0.0,0,0,0,33,13,33,0
594,50,100,1.0,169,1,58209,37,15,61,9909
595,51,31,0.0,0,0,0,36,10,11,0
596,51,61,0.0,0,0,0,28,12,32,0
597,51,14,0.0,0,0,0,39,18,44,0
598,51,27,0.0,0,0,0,49,14,85,0
599,51,97,0.0,0,0,0,47,16,67,0
600,51,53,0.0,0,0,0,40,19,67,0
601,51,33,0.0,0,0,0,42,10,10,0
602,51,10,0.0,0,0,0,40,15,67,0
603,51,56,0.0,0,0,0,39,16,99,0
604,51,12,0.0,0,0,0,34,18,20,0
605,51,5,0.0,0,0,0,42,17,36,0
606,51,11,0.0,0,0,0,35,18,11,0
607,51,97,0.0,0,0,0,24,10,75,0
608,51,83,0.0,0,0,0,24,11,13,0
609,51,79,0.0,0,0,0,22,16,18,0
610,51,68,0.0,0,0,0,40,18,77,0
611,51,81,0.0,0,0,0,42,11,49,0
612,51,81,1.0,186,4,57639,29,16,82,9548
613,52,93,0.0,0,0,0,22,15,33,0
614,52,85,0.0,0,0,0,44,16,59,0
615,52,91,0.0,0,0,0,42,15,50,0
616,52,17,0.0,0,0,0,26,18,74,0
617,52,20,0.0,0,0,0,32,13,34,0
618,52,21,0.0,0,0,0,21,20,76,0
619,52,90,0.0,0,0,0,48,15,50,0
620,52,18,0.0,0,0,0,27,14,21,0
621,52,97,0.0,0,0,0,24,14,73,0
622,52,25,0.0,0,0,0,29,18,97,0
623,52,46,0.0,0,0,0,41,17,85,0
624,52,89,0.0,0,0,0,25,11,30,0
625,52,65,0.0,0,0,0,40,17,36,0
626,52,82,0.0,0,0,0,37,15,58,0
627,52,39,0.0,0,0,0,39,15,68,0
628,52,58,0.1707859291225317,177,7,61176,32,18,25,9309
629,53,27,0.0,0,0,0,29,17,10,0
630,53,38,0.0,0,0,0,37,10,20,0
631,53,80,0.0,0,0,0,50,11,73,0
632,53,48,0.0,0,0,0,28,16,47,0
633,53,6,0.0,0,0,0,47,17,70,0
634,53,73,0.0,0,0,0,23,19,44,0
635,53,29,0.0,0,0,0,37,15,17,0
636,53,17,0.0,0,0,0,24,12,52,0
637,53,63,0.0,0,0,0,26,14,24,0
638,53,68,0.0,0,0,0,22,13,94,0
639,53,34,1.0,191,0,62045,28,14,71,9478
640,54,82,0.0,0,0,0,30,13,18,0
641,54,87,0.0,0,0,0,31,11,13,0
642,54,93,0.0,0,0,0,38,17,74,0
643,54,37,0.0,0,0,0,22,17,39,0
644,54,96,0.0,0,0,0,32,15,52,0
645,54,43,0.0,0,0,0,21,18,30,0
646,54,12,0.0,0,0,0,28,14,12,0
647,54,29,0.0,0,0,0,45,16,35,0
648,54,6,0.0,0,0,0,44,11,75,0
649,54,60,0.0,0,0,0,25,15,48,0
650,54,51,0.0,0,0,0,34,20,53,0
651,54,63,0.0,0,0,0,32,17,62,0
652,54,98,0.0,0,0,0,32,14,30,0
653,54,59,0.0,0,0,0,39,17,54,0
654,54,38,0.8523619175444227,165,2,68546,39,15,44,9541
655,55,90,0.0,0,0,0,40,19,22,0
656,55,10,0.0,0,0,0,39,17,28,0
657,55,11,0.0,0,0,0,31,11,73,0
658,55,30,1.0,144,7,67388,48,18,90,9142
659,56,70,0.0,0,0,0,49,18,85,0
660,56,6,0.0,0,0,0,50,14,18,0
661,56,59,0.0,0,0,0,48,15,10,0
662,56,71,0.0,0,0,0,26,16,86,0
663,56,62,0.0,0,0,0,38,14,33,0
664,56,78,0.0,0,0,0,49,20,15,0
665,56,34,0.0,0,0,0,26,19,80,0
666,56,79,0.7256873863271638,154,10,74776,44,20,42,9598
667,57,6,0.0,0,0,0,43,10,39,0
668,57,22,0.0,0,0,0,23,19,89,0
669,57,35,0.0,0,0,0,23,16,25,0
670,57,65,0.0,0,0,0,46,10,60,0
671,57,82,0.0,0,0,0,45,10,100,0
672,57,38,0.0,0,0,0,36,17,50,0
673,57,51,0.0,0,0,0,47,16,16,0
674,57,92,0.0,0,0,0,49,20,86,0
675,57,96,0.0,0,0,0,39,20,58,0
676,57,24,0.0,0,0,0,30,14,43,0
677,57,3,0.0,0,0,0,26,12,39,0
678,57,7,0.0,0,0,0,23,19,55,0
679,57,36,0.0,0,0,0,32,20,44,0
680,57,97,0.0,0,0,0,46,12,87,0
681,57,2,0.0,0,0,0,31,17,11,0
682,57,60,0.0,0,0,0,37,12,24,0
683,57,70,1.0,218,11,67073,21,20,67,10341
684,58,6,0.0,0,0,0,37,13,35,0
685,58,14,0.0,0,0,0,31,16,22,0
686,58,33,0.0,0,0,0,31,14,22,0
687,58,34,0.0,0,0,0,31,17,37,0
688,58,67,0.0,0,0,0,49,14,99,0
689,58,5,0.0,0,0,0,45,12,67,0
690,58,14,0.0,0,0,0,27,19,70,0
691,58,49,0.0,0,0,0,31,15,27,0
692,58,81,-1.0,204,1,74529,27,11,6,9825
693,59,98,0.0,0,0,0,31,12,50,0
694,59,78,1.0,201,10,73502,30,20,76,9830
695,60,50,0.0,0,0,0,33,18,29,0
696,60,26,0.0,0,0,0,46,13,79,0
697,60,65,0.0,0,0,0,34,12,96,0
698,60,68,0.0,0,0,0,47,17,87,0
699,60,63,0.0,0,0,0,46,18,27,0
700,60,18,0.0,0,0,0,40,19,96,0
701,60,90,0.0,0,0,0,38,19,63,0
702,60,52,1.0,194,1,74687,35,13,91,10551
703,61,4,0.0,0,0,0,24,20,46,0
704,61,89,0.0,0,0,0,30,16,15,0
705,61,74,0.0,0,0,0,30,19,65,0
706,61,79,1.0,154,3,78980,49,16,67,10165
707,62,20,0.0,0,0,0,32,12,47,0
708,62,13,0.0,0,0,0,33,16,9,0
709,62,79,0.0,0,0,0,30,16,78,0
710,62,60,0.0,0,0,0,36,15,28,0
711,62,61,0.0,0,0,0,38,15,30,0
712,62,2,0.0,0,0,0,31,14,100,0
713,62,50,0.0,0,0,0,38,18,41,0
714,62,34,0.0,0,0,0,42,16,48,0
715,62,17,0.0,0,0,0,39,19,61,0
716,62,98,0.0,0,0,0,31,18,67,0
717,62,11,0.0,0,0,0,42,18,75,0
718,62,80,0.0,0,0,0,26,12,51,0
719,62,81,0.0,0,0,0,50,20,100,0
720,62,5,1.0,215,0,80106,25,11,98,11374
721,63,92,0.0,0,0,0,39,14,3,0
722,63,75,0.0,0,0,0,46,18,19,0
723,63,30,0.0,0,0,0,26,16,46,0
724,63,15,0.0,0,0,0,28,13,32,0
725,63,55,1.0,213,1,82295,27,11,75,11209
726,64,21,0.0,0,0,0,24,11,56,0
727,64,88,0.0,0,0,0,22,10,35,0
728,64,97,0.0,0,0,0,43,13,94,0
729,64,85,0.0,0,0,0,29,10,75,0
730,64,78,0.0,0,0,0,46,17,41,0
731,64,89,0.0,0,0,0,32,10,45,0
732,64,57,0.0,0,0,0,32,18,54,0
733,64,35,0.0,0,0,0,46,14,39,0
734,64,65,0.0,0,0,0,47,20,32,0
735,64,89,0.0,0,0,0,41,20,96,0
736,64,23,0.0,0,0,0,25,17,47,0
737,64,71,1.0,181,1,84403,40,14,78,11727
738,65,3,0.0,0,0,0,39,17,23,0
739,65,89,0.0,0,0,0,32,20,49,0
740,65,11,0.0,0,0,0,35,17,4,0
741,65,13,0.0,0,0,0,47,10,17,0
742,65,1,0.0,0,0,0,32,19,89,0
743,65,66,0.0,0,0,0,22,19,99,0
744,65,100,0.0,0,0,0,33,10,38,0
745,65,91,0.0,0,0,0,31,15,87,0
746,65,5,0.0,0,0,0,46,18,64,0
747,65,1,0.0,0,0,0,24,10,33,0
748,65,72,0.0,0,0,0,32,19,86,0
749,65,1,1.0,155,2,88296,50,15,63,10426
750,66,69,0.0,0,0,0,43,12,93,0
751,66,45,0.0,0,0,0,37,12,57,0
752,66,5,0.0,0,0,0,38,13,84,0
753,66,33,0.0,0,0,0,30,14,35,0
754,66,64,0.0,0,0,0,34,11,95,0
755,66,6,0.0,0,0,0,46,17,12,0
756,66,42,0.0,0,0,0,46,14,57,0
757,66,30,0.0,0,0,0,23,13,47,0
758,66,10,0.0,0,0,0,38,16,8,0
759,66,73,0.42525715143779563,212,1,93233,30,12,33,10824
760,67,9,0.0,0,0,0,30,11,8,0
761,67,68,0.0,0,0,0,24,17,99,0
762,67,7,0.0,0,0,0,21,14,10,0
763,67,2,0.0,0,0,0,45,17,72,0
764,67,76,0.0,0,0,0,45,10,73,0
765,67,100,0.10489215501259949,195,0,90083,38,10,24,11792
766,68,16,0.0,0,0,0,31,18,77,0
767,68,38,0.0,0,0,0,50,16,99,0
768,68,10,-1.0,170,14,87614,45,20,8,10760
769,69,55,0.0,0,0,0,40,16,11,0
770,69,33,0.0,0,0,0,22,11,71,0
771,69,8,0.0,0,0,0,47,17,27,0
772,69,33,0.0,0,0,0,48,16,93,0
773,69,29,0.0,0,0,0,26,13,12,0
774,69,74,0.0,0,0,0,33,15,89,0
775,69,63,0.0,0,0,0,43,14,56,0
776,69,39,0.0,0,0,0,47,14,30,0
777,69,66,0.0,0,0,0,35,10,49,0
778,69,25,0.0,0,0,0,36,19,48,0
779,69,71,0.0,0,0,0,35,15,54,0
780,69,18,0.0,0,0,0,40,17,33,0
781,69,42,0.0,0,0,0,24,16,19,0
782,69,59,1.0,228,5,91732,26,17,98,12198
783,70,14,0.0,0,0,0,27,14,15,0
784,70,12,0.0,0,0,0,48,20,95,0
785,70,26,0.0,0,0,0,47,15,54,0
786,70,89,0.0,0,0,0,49,20,2,0
787,70,23,0.0,0,0,0,31,14,85,0
788,70,77,0.0,0,0,0,33,17,47,0
789,70,10,0.0,0,0,0,48,16,10,0
790,70,66,0.0,0,0,0,36,17,7,0
791,70,66,0.0,0,0,0,46,16,19,0
792,70,12,0.0,0,0,0,35,13,38,0
793,70,96,0.0,0,0,0,44,16,81,0
794,70,30,1.0,205,6,93009,36,17,86,11683
795,71,94,0.0,0,0,0,29,11,100,0
796,71,74,0.0,0,0,0,42,15,16,0
797,71,45,0.0,0,0,0,33,18,29,0
798,71,38,0.0,0,0,0,49,13,69,0
799,71,4,0.0,0,0,0,44,13,64,0
800,71,97,0.0,0,0,0,46,11,90,0
801,71,41,0.0,0,0,0,32,14,81,0
802,71,20,0.0,0,0,0,46,19,100,0
803,71,29,0.0,0,0,0,30,19,84,0
804,71,4,0.0,0,0,0,29,15,37,0
805,71,23,0.0,0,0,0,47,13,42,0
806,71,23,1.0,205,13,92351,37,19,77,12043
807,72,17,0.0,0,0,0,29,10,20,0
808,72,54,0.0,0,0,0,36,18,73,0
809,72,91,0.0,0,0,0,36,20,74,0
810,72,8,0.0,0,0,0,40,11,9,0
811,72,58,0.0,0,0,0,37,13,20,0
812,72,89,0.0,0,0,0,44,18,97,0
813,72,57,0.0,0,0,0,41,18,53,0
814,72,45,0.0,0,0,0,36,11,74,0
815,72,75,0.0,0,0,0,33,18,23,0
816,72,26,0.0,0,0,0,49,17,54,0
817,72,29,0.0,0,0,0,48,18,26,0
818,72,6,0.0,0,0,0,33,12,61,0
819,72,94,0.0,0,0,0,46,16,83,0
820,72,56,0.0,0,0,0,21,10,22,0
821,72,31,0.0,0,0,0,25,16,95,0
822,72,68,0.0,0,0,0,31,11,49,0
823,72,43,0.0,0,0,0,40,14,49,0
824,72,91,0.0,0,0,0,43,19,59,0
825,72,81,-0.17083588703974353,218,9,106055,34,18,19,12675
826,73,11,0.0,0,0,0,24,13,25,0
827,73,72,0.0,0,0,0,40,10,94,0
828,73,97,0.0,0,0,0,37,19,43,0
829,73,98,0.0,0,0,0,37,12,58,0
830,73,57,0.0,0,0,0,25,16,30,0
831,73,65,0.0,0,0,0,25,13,65,0
832,73,65,0.0,0,0,0,43,12,91,0
833,73,65,0.0,0,0,0,33,10,5,0
834,73,13,0.0,0,0,0,30,12,83,0
835,73,35,0.0,0,0,0,45,20,8,0
836,73,89,0.0,0,0,0,26,12,86,0
837,73,56,0.0,0,0,0,46,18,66,0
838,73,28,0.0,0,0,0,43,17,80,0
839,73,55,0.0,0,0,0,23,15,42,0
840,73,97,0.0,0,0,0,29,10,29,0
841,73,5,0.2647736220472441,226,2,101600,30,15,28,12148
842,74,4,0.0,0,0,0,31,10,14,0
843,74,9,0.0,0,0,0,24,13,94,0
844,74,96,0.0,0,0,0,45,19,80,0
845,74,86,0.0,0,0,0,32,18,53,0
846,74,68,0.0,0,0,0,21,10,35,0
847,74,28,0.0,0,0,0,27,17,82,0
848,74,91,0.0,0,0,0,26,11,69,0
849,74,28,0.0,0,0,0,31,15,64,0
850,74,47,0.0,0,0,0,22,13,88,0
851,74,24,0.0,0,0,0,50,13,8,0
852,74,77,0.0,0,0,0,46,20,99,0
853,74,100,0.0,0,0,0,24,16,97,0
854,74,23,1.0,258,0,113858,21,14,75,12488
855,75,30,0.0,0,0,0,44,16,67,0
856,75,42,0.0,0,0,0,30,13,26,0
857,75,7,0.0,0,0,0,42,13,20,0
858,75,11,0.0,0,0,0,38,16,33,0
859,75,85,0.0,0,0,0,46,18,40,0
860,75,9,0.0,0,0,0,24,13,28,0
861,75,43,0.0,0,0,0,48,12,94,0
862,75,21,0.0,0,0,0,22,17,48,0
863,75,75,0.0,0,0,0,36,19,19,0
864,75,19,0.0,0,0,0,22,11,17,0
865,75,69,0.0,0,0,0,34,10,16,0
866,75,22,0.0,0,0,0,25,17,10,0
867,75,84,0.0,0,0,0,49,15,72,0
868,75,98,0.0,0,0,0,28,12,93,0
869,75,6,0.0,0,0,0,37,13,86,0
870,75,3,0.0,0,0,0,25,16,14,0
871,75,40,0.0,0,0,0,22,14,87,0
872,75,20,1.0,223,3,106392,34,15,85,12749
873,76,76,0.0,0,0,0,25,12,85,0
874,76,50,0.0,0,0,0,43,12,86,0
875,76,27,0.0,0,0,0,26,10,40,0
876,76,84,0.0,0,0,0,38,11,72,0
877,76,73,0.0,0,0,0,23,18,41,0
878,76,64,0.0,0,0,0,21,13,54,0
879,76,98,0.0,0,0,0,25,18,5,0
880,76,97,0.0,0,0,0,39,17,95,0
881,76,10,0.0,0,0,0,35,16,29,0
882,76,16,0.0,0,0,0,23,16,72,0
883,76,54,0.0,0,0,0,37,16,56,0
884,76,76,0.0,0,0,0,37,11,75,0
885,76,37,0.0,0,0,0,44,13,32,0
886,76,79,0.0,0,0,0,23,18,38,0
887,76,96,0.0,0,0,0,35,20,3,0
888,76,23,1.0,220,1,115301,36,15,85,13409
889,77,77,0.0,0,0,0,31,13,52,0
890,77,59,0.0,0,0,0,41,18,89,0
891,77,46,0.0,0,0,0,23,15,77,0
892,77,96,0.0,0,0,0,27,14,33,0
893,77,37,0.0,0,0,0,21,13,50,0
894,77,5,0.0,0,0,0,42,11,5,0
895,77,48,0.0,0,0,0,38,15,63,0
896,77,68,0.0,0,0,0,44,15,37,0
897,77,11,0.0,0,0,0,28,16,66,0
898,77,82,0.0,0,0,0,23,11,61,0
899,77,82,0.7597436659614275,183,15,114382,46,20,41,12181
900,78,87,0.0,0,0,0,31,16,80,0
901,78,79,0.0,0,0,0,25,18,51,0
902,78,58,0.0,0,0,0,36,20,97,0
903,78,13,0.0,0,0,0,48,16,52,0
904,78,52,0.0,0,0,0,40,16,7,0
905,78,32,0.0,0,0,0,36,20,25,0
906,78,23,0.0,0,0,0,32,17,87,0
907,78,41,0.0,0,0,0,22,19,11,0
908,78,38,0.0,0,0,0,47,13,97,0
909,78,37,0.0,0,0,0,48,20,83,0
910,78,43,1.0,228,7,124693,32,17,71,12482
911,79,69,0.0,0,0,0,28,12,91,0
912,79,46,0.0,0,0,0,43,11,56,0
913,79,8,0.0,0,0,0,36,16,39,0
914,79,1,0.0,0,0,0,45,10,45,0
915,79,57,0.0,0,0,0,29,17,43,0
916,79,78,0.0,0,0,0,23,15,59,0
917,79,87,0.0,0,0,0,50,13,15,0
918,79,5,0.0,0,0,0,43,13,44,0
919,79,64,0.0,0,0,0,50,14,67,0
920,79,97,0.0,0,0,0,28,15,42,0
921,79,24,0.0,0,0,0,27,16,14,0
922,79,42,0.0,0,0,0,25,19,6,0
923,79,6,0.0,0,0,0,42,16,29,0
924,79,81,0.0,0,0,0,37,20,68,0
925,79,33,0.0,0,0,0,27,14,64,0
926,79,72,0.0,0,0,0,45,15,44,0
927,79,75,0.0,0,0,0,28,10,25,0
928,79,45,0.0,0,0,0,48,18,23,0
929,79,67,0.8286031922496625,229,3,125930,32,16,44,12795
930,80,48,0.0,0,0,0,46,12,48,0
931,80,76,0.0,0,0,0,31,16,66,0
932,80,44,0.0,0,0,0,31,16,54,0
933,80,57,0.0,0,0,0,31,11,78,0
934,80,86,0.0,0,0,0,32,20,97,0
935,80,60,0.0,0,0,0,34,17,37,0
936,80,97,0.0,0,0,0,35,10,12,0
937,80,55,0.0,0,0,0,36,18,48,0
938,80,76,0.0,0,0,0,31,10,84,0
939,80,34,0.0,0,0,0,42,11,64,0
940,80,74,0.0,0,0,0,39,12,58,0
941,80,24,0.0,0,0,0,23,19,26,0
942,80,100,0.0,0,0,0,33,20,19,0
943,80,25,0.0,0,0,0,39,18,63,0
944,80,54,0.25457180818939484,265,0,124185,22,10,28,12295
945,81,96,0.0,0,0,0,49,16,47,0
946,81,42,0.0,0,0,0,30,13,92,0
947,81,63,0.0,0,0,0,34,11,8,0
948,81,97,0.0,0,0,0,35,15,40,0
949,81,45,0.0,0,0,0,24,12,35,0
950,81,62,0.0,0,0,0,40,13,32,0
951,81,23,0.0,0,0,0,23,13,100,0
952,81,53,0.0,0,0,0,48,19,99,0
953,81,25,0.0,0,0,0,21,18,54,0
954,81,76,0.0,0,0,0,32,13,71,0
955,81,11,0.0,0,0,0,34,15,60,0
956,81,13,0.0,0,0,0,47,18,20,0
957,81,86,0.0,0,0,0,39,16,71,0
958,81,4,1.0,237,0,138123,31,12,63,13758
959,82,77,0.308523890025803,274,0,134868,21,11,29,13456
960,83,52,0.0,0,0,0,39,12,14,0
961,83,44,0.0,0,0,0,26,13,98,0
962,83,19,0.0,0,0,0,47,19,99,0
963,83,52,0.0,0,0,0,45,17,39,0
964,83,99,0.0,0,0,0,21,14,86,0
965,83,28,0.0,0,0,0,40,17,69,0
966,83,92,0.0,0,0,0,25,17,18,0
967,83,42,0.0,0,0,0,35,17,14,0
968,83,91,0.0,0,0,0,47,15,57,0
969,83,34,1.0,237,13,132961,34,19,54,13331
970,84,59,0.0,0,0,0,25,19,92,0
971,84,72,0.0,0,0,0,46,15,59,0
972,84,33,0.0,0,0,0,34,13,72,0
973,84,41,0.0,0,0,0,48,16,81,0
974,84,52,0.0,0,0,0,48,20,86,0
975,84,92,0.0,0,0,0,38,10,5,0
976,84,100,1.0,259,0,142343,25,12,77,13724
977,85,80,0.0,0,0,0,41,18,6,0
978,85,20,0.0,0,0,0,34,18,36,0
979,85,23,0.0,0,0,0,39,14,40,0
980,85,89,0.0,0,0,0,39,18,16,0
981,85,25,0.0,0,0,0,21,12,79,0
982,85,78,0.0,0,0,0,27,18,6,0
983,85,22,0.0,0,0,0,47,10,81,0
984,85,65,0.0,0,0,0,39,14,77,0
985,85,27,0.0,0,0,0,22,11,64,0
986,85,95,0.0,0,0,0,33,15,76,0
987,85,48,0.0,0,0,0,23,18,77,0
988,85,30,0.0,0,0,0,43,14,77,0
989,85,90,0.0,0,0,0,31,11,40,0
990,85,88,0.0,0,0,0,48,18,23,0
991,85,89,0.538469964509486,199,0,136938,45,13,37,13403
992,86,98,0.0,0,0,0,50,14,69,0
993,86,88,0.0,0,0,0,50,19,5,0
994,86,90,0.740242241175077,243,13,135072,33,19,41,13336
995,87,16,0.0,0,0,0,49,16,81,0
996,87,2,0.0,0,0,0,46,12,40,0
997,87,21,0.0,0,0,0,29,11,31,0
998,87,89,0.0,0,0,0,44,13,49,0
999,87,38,0.0,0,0,0,46,10,38,0
1000,87,14,0.0,0,0,0,50,13,81,0
1001,87,29,0.0,0,0,0,22,14,63,0
1002,87,78,0.0,0,0,0,43,18,27,0
1003,87,64,0.0,0,0,0,33,12,97,0
1004,87,83,0.0,0,0,0,47,18,51,0
1005,87,28,0.0,0,0,0,28,17,12,0
1006,87,67,0.0,0,0,0,22,11,4,0
1007,87,57,0.0,0,0,0,26,20,53,0
1008,87,80,0.0,0,0,0,39,14,89,0
1009,87,69,0.0,0,0,0,30,16,33,0
1010,87,5,0.0,0,0,0,43,10,84,0
1011,87,87,0.0,0,0,0,38,20,10,0
1012,87,12,0.0,0,0,0,48,15,66,0
1013,87,59,0.0,0,0,0,42,15,84,0
1014,87,6,1.0,228,1,154743,38,10,87,14430
1015,88,19,0.0,0,0,0,47,14,54,0
1016,88,33,0.0,0,0,0,33,20,55,0
1017,88,39,0.0,0,0,0,43,18,29,0
1018,88,17,0.0,0,0,0,25,10,80,0
1019,88,17,0.0,0,0,0,45,11,28,0
1020,88,60,0.0,0,0,0,35,14,93,0
1021,88,83,0.0,0,0,0,29,17,60,0
1022,88,76,0.0,0,0,0,25,10,86,0
1023,88,36,0.0,0,0,0,27,15,73,0
1024,88,5,0.0,0,0,0,29,11,89,0
1025,88,5,0.0,0,0,0,37,20,90,0
1026,88,65,0.0,0,0,0,50,20,99,0
1027,88,72,0.0,0,0,0,31,11,9,0
1028,88,75,1.0,277,16,142837,23,20,98,14604
1029,89,16,0.0,0,0,0,42,16,73,0
1030,89,74,0.0,0,0,0,48,20,39,0
1031,89,68,0.0,0,0,0,40,19,88,0
1032,89,46,0.0,0,0,0,46,14,83,0
1033,89,88,0.0,0,0,0,26,16,1,0
1034,89,75,0.0,0,0,0,21,19,29,0
1035,89,12,0.0,0,0,0,34,16,59,0
1036,89,39,1.0,228,0,163118,39,12,73,14541
1037,90,10,1.0,262,0,149636,29,13,59,15225
1038,91,65,0.0,0,0,0,46,13,15,0
1039,91,45,0.0,0,0,0,33,13,49,0
1040,91,39,0.0,0,0,0,49,17,19,0
1041,91,87,-0.9273958333333333,218,15,153600,43,19,11,14267
1042,92,44,0.0,0,0,0,24,18,79,0
1043,92,94,0.0,0,0,0,40,15,1,0
1044,92,47,0.0,0,0,0,45,12,3,0
1045,92,93,0.0,0,0,0,46,12,81,0
1046,92,1,0.0,0,0,0,22,16,14,0
1047,92,21,0.0,0,0,0,48,17,71,0
1048,92,82,0.0,0,0,0,50,17,78,0
1049,92,92,0.7232861767600707,262,4,168658,31,16,40,14934
1050,93,8,0.0,0,0,0,50,11,76,0
1051,93,12,0.0,0,0,0,21,15,14,0
1052,93,79,0.0,0,0,0,46,18,49,0
1053,93,49,0.0,0,0,0,49,12,18,0
1054,93,56,0.0,0,0,0,37,11,67,0
1055,93,4,0.0,0,0,0,30,19,28,0
1056,93,87,0.0,0,0,0,28,20,45,0
1057,93,19,0.0,0,0,0,43,19,100,0
1058,93,14,0.0,0,0,0,49,20,57,0
1059,93,93,0.0,0,0,0,47,10,80,0
1060,93,12,0.0,0,0,0,21,11,89,0
1061,93,77,0.0,0,0,0,46,14,75,0
1062,93,59,0.0,0,0,0,46,13,94,0
1063,93,60,0.0,0,0,0,46,13,65,0
1064,93,10,0.0,0,0,0,46,11,22,0
1065,93,96,0.0,0,0,0,39,13,81,0
1066,93,50,0.0,0,0,0,46,17,96,0
1067,93,56,0.0,0,0,0,42,11,28,0
1068,93,100,1.0,266,0,158008,30,14,63,15146
1069,94,29,0.0,0,0,0,40,18,16,0
1070,94,70,0.0,0,0,0,22,18,76,0
1071,94,86,0.11118332882771473,232,0,173857,41,10,24,14969
1072,95,45,0.0,0,0,0,23,20,32,0
1073,95,29,0.0,0,0,0,25,12,92,0
1074,95,8,0.0,0,0,0,31,13,84,0
1075,95,52,0.0,0,0,0,35,10,18,0
1076,95,26,0.0,0,0,0,29,13,27,0
1077,95,56,0.0,0,0,0,30,11,99,0
1078,95,47,0.0,0,0,0,36,19,75,0
1079,95,27,0.0,0,0,0,31,12,44,0
1080,95,67,0.0,0,0,0,33,11,36,0
1081,95,12,0.0,0,0,0,32,20,17,0
1082,95,25,0.0,0,0,0,45,20,65,0
1083,95,15,0.0,0,0,0,21,16,40,0
1084,95,87,0.0,0,0,0,22,16,59,0
1085,95,57,0.0,0,0,0,30,14,4,0
1086,95,46,0.0,0,0,0,43,20,23,0
1087,95,63,0.0,0,0,0,30,19,27,0
1088,95,66,0.0,0,0,0,30,12,68,0
1089,95,90,0.0,0,0,0,31,10,58,0
1090,95,70,0.0,0,0,0,25,19,53,0
1091,95,56,0.8759112709832134,254,14,166800,36,19,46,14797
1092,96,67,0.0,0,0,0,43,18,48,0
1093,96,4,0.0,0,0,0,31,20,54,0
1094,96,40,0.0,0,0,0,48,13,9,0
1095,96,22,0.0,0,0,0,22,19,82,0
1096,96,38,0.0,0,0,0,32,12,65,0
1097,96,70,0.0,0,0,0,26,10,24,0
1098,96,23,0.0,0,0,0,48,15,11,0
1099,96,19,0.0,0,0,0,22,13,32,0
1100,96,15,0.0,0,0,0,37,13,86,0
1101,96,43,0.0,0,0,0,43,10,87,0
1102,96,89,0.0,0,0,0,22,14,10,0
1103,96,27,0.0,0,0,0,31,19,61,0
1104,96,14,0.0,0,0,0,48,16,76,0
1105,96,99,0.0,0,0,0,26,17,13,0
1106,96,52,0.0,0,0,0,30,15,32,0
1107,96,99,0.0,0,0,0,31,19,21,0
1108,96,14,0.0,0,0,0,39,12,66,0
1109,96,50,1.0,205,1,175281,50,15,51,15203
1110,97,41,0.0,0,0,0,21,19,37,0
1111,97,52,0.0,0,0,0,22,16,74,0
1112,97,64,0.0,0,0,0,25,13,55,0
1113,97,100,0.0,0,0,0,32,18,30,0
1114,97,40,0.0,0,0,0,47,18,91,0
1115,97,79,0.0,0,0,0,39,17,24,0
1116,97,64,0.0,0,0,0,30,19,52,0
1117,97,92,0.0,0,0,0,44,16,97,0
1118,97,9,0.0,0,0,0,45,12,78,0
1119,97,58,0.0,0,0,0,25,12,69,0
1120,97,22,0.0,0,0,0,32,13,52,0
1121,97,31,0.0,0,0,0,49,13,10,0
1122,97,74,0.0,0,0,0,42,10,1,0
1123,97,88,0.0,0,0,0,47,10,7,0
1124,97,40,0.0,0,0,0,33,11,8,0
1125,97,60,1.0,220,8,177079,45,17,56,14516
1126,98,70,0.0,0,0,0,41,12,91,0
1127,98,55,0.0,0,0,0,26,12,58,0
1128,98,27,0.0,0,0,0,36,13,67,0
1129,98,99,0.0,0,0,0,33,20,61,0
1130,98,65,0.0,0,0,0,38,20,19,0
1131,98,39,0.0,0,0,0,33,19,16,0
1132,98,81,0.0,0,0,0,43,18,9,0
1133,98,86,0.0,0,0,0,34,15,8,0
1134,98,62,0.0,0,0,0,23,11,62,0
1135,98,35,0.0,0,0,0,26,13,36,0
1136,98,11,0.0,0,0,0,31,15,29,0
1137,98,66,0.0,0,0,0,33,20,56,0
1138,98,34,0.0,0,0,0,25,13,22,0
1139,98,54,0.0,0,0,0,43,16,73,0
1140,98,18,0.0,0,0,0,26,14,25,0
1141,98,62,0.0,0,0,0,37,16,94,0
1142,98,12,0.0,0,0,0,48,13,96,0
1143,98,11,0.8833519207623423,239,1,181126,40,11,46,16002
1144,99,27,0.0,0,0,0,25,16,7,0
1145,99,34,0.0,0,0,0,40,15,23,0
1146,99,95,0.0,0,0,0,34,16,35,0
1147,99,65,0.0,0,0,0,36,15,22,0
1148,99,44,0.0,0,0,0,29,13,79,0
1149,99,71,0.0,0,0,0,22,20,77,0
1150,99,11,0.0,0,0,0,36,14,80,0
1151,99,19,0.0,0,0,0,37,19,48,0
1152,99,93,0.0,0,0,0,40,17,31,0
1153,99,71,0.0,0,0,0,39,19,99,0
1154,99,98,0.0,0,0,0,39,14,21,0
1155,99,37,0.0,0,0,0,36,17,47,0
1156,99,41,0.0,0,0,0,26,20,72,0
1157,99,13,0.0,0,0,0,27,16,2,0
1158,99,6,-1.0,230,0,184670,43,13,6,16461
1159,100,37,0.0,0,0,0,46,13,71,0
1160,100,86,0.0,0,0,0,24,20,71,0
1161,100,72,0.0,0,0,0,38,14,67,0
1162,100,9,0.0,0,0,0,22,16,60,0
